task,strategy,target_rate,seed,requested_training_pings,retained_training_pings,actual_ping_retention_percent,unique_vessels_before_sampling,unique_vessels_with_at_least_one_sampled_ping,unique_vessels_with_valid_final_feature_vector,training_positive_count,training_negative_count,sampled_f1,full_f1_same_seed,retention_percent,status,fail_reason
VC,random,0.01,0,23047,23047,1.0000195256990743,3551,3322,2354,-1,-1,0.4529277465585255,0.6064505612959067,74.68502388565315,OK,
FD,random,0.01,0,23047,23047,1.0000195256990743,3551,3322,2354,166,2188,0.2711864406779661,0.5185185185185185,52.300242130750604,OK,
AD,random,0.01,0,23047,23047,1.0000195256990743,3551,3322,2354,42,2312,0.5901639344262295,0.891566265060241,66.19406291537439,OK,
ADT,random,0.01,0,23047,23047,1.0000195256990743,3551,3322,2354,59,2295,0.0975609756097561,0.5,19.51219512195122,OK,
VC,random,0.01,1,23047,23047,1.0000195256990743,3551,3297,2351,-1,-1,0.4470310507484991,0.5875652469691118,76.08194205740685,OK,
FD,random,0.01,1,23047,23047,1.0000195256990743,3551,3297,2351,161,2190,0.07692307692307693,0.5569620253164557,13.811188811188812,OK,
AD,random,0.01,1,23047,23047,1.0000195256990743,3551,3297,2351,36,2315,0.5172413793103449,0.9156626506024096,56.488203266787664,OK,
ADT,random,0.01,1,23047,23047,1.0000195256990743,3551,3297,2351,51,2300,0.0,0.5263157894736842,0.0,OK,
VC,random,0.01,2,23047,23047,1.0000195256990743,3551,3330,2333,-1,-1,0.4595787919178135,0.5934336196411767,77.4440100302542,OK,
FD,random,0.01,2,23047,23047,1.0000195256990743,3551,3330,2333,163,2170,0.2413793103448276,0.5641025641025641,42.789968652037615,OK,
AD,random,0.01,2,23047,23047,1.0000195256990743,3551,3330,2333,40,2293,0.5333333333333333,0.8941176470588236,59.64912280701754,OK,
ADT,random,0.01,2,23047,23047,1.0000195256990743,3551,3330,2333,68,2265,0.08695652173913043,0.5263157894736842,16.52173913043478,OK,
VC,random,0.01,3,23047,23047,1.0000195256990743,3551,3344,2338,-1,-1,0.4647476030345418,0.5873604360636212,79.12477152005548,OK,
FD,random,0.01,3,23047,23047,1.0000195256990743,3551,3344,2338,167,2171,0.0392156862745098,0.55,7.1301247771836,OK,
AD,random,0.01,3,23047,23047,1.0000195256990743,3551,3344,2338,37,2301,0.4642857142857143,0.8941176470588236,51.92669172932331,OK,
ADT,random,0.01,3,23047,23047,1.0000195256990743,3551,3344,2338,57,2281,0.0,0.509090909090909,0.0,OK,
VC,random,0.01,4,23047,23047,1.0000195256990743,3551,3325,2338,-1,-1,0.47506578750783035,0.5910764760480112,80.37298162907135,OK,
FD,random,0.01,4,23047,23047,1.0000195256990743,3551,3325,2338,163,2175,0.2857142857142857,0.5569620253164557,51.298701298701296,OK,
AD,random,0.01,4,23047,23047,1.0000195256990743,3551,3325,2338,35,2303,0.5806451612903226,0.8941176470588236,64.94057724957555,OK,
ADT,random,0.01,4,23047,23047,1.0000195256990743,3551,3325,2338,49,2289,0.0,0.5172413793103449,0.0,OK,
VC,random,0.05,0,115233,115233,5.000010847610596,3551,3538,2986,-1,-1,0.3524126860957026,0.6064505612959067,58.11070326040132,OK,
FD,random,0.05,0,115233,115233,5.000010847610596,3551,3538,2986,225,2761,0.0392156862745098,0.5185185185185185,7.563025210084033,OK,
AD,random,0.05,0,115233,115233,5.000010847610596,3551,3538,2986,122,2864,0.6461538461538462,0.891566265060241,72.47401247401247,OK,
ADT,random,0.05,0,115233,115233,5.000010847610596,3551,3538,2986,126,2860,0.32653061224489793,0.5,65.3061224489796,OK,
VC,random,0.05,1,115233,115233,5.000010847610596,3551,3539,2975,-1,-1,0.39896800018132783,0.5875652469691118,67.90190574397629,OK,
FD,random,0.05,1,115233,115233,5.000010847610596,3551,3539,2975,222,2753,0.2711864406779661,0.5569620253164557,48.69029275808937,OK,
AD,random,0.05,1,115233,115233,5.000010847610596,3551,3539,2975,111,2864,0.6666666666666666,0.9156626506024096,72.80701754385964,OK,
ADT,random,0.05,1,115233,115233,5.000010847610596,3551,3539,2975,121,2854,0.25,0.5263157894736842,47.5,OK,
VC,random,0.05,2,115233,115233,5.000010847610596,3551,3534,2985,-1,-1,0.40909305568522175,0.5934336196411767,68.93661601656179,OK,
FD,random,0.05,2,115233,115233,5.000010847610596,3551,3534,2985,221,2764,0.17543859649122806,0.5641025641025641,31.100478468899517,OK,
AD,random,0.05,2,115233,115233,5.000010847610596,3551,3534,2985,120,2865,0.6666666666666666,0.8941176470588236,74.56140350877192,OK,
ADT,random,0.05,2,115233,115233,5.000010847610596,3551,3534,2985,120,2865,0.32653061224489793,0.5263157894736842,62.04081632653062,OK,
VC,random,0.05,3,115233,115233,5.000010847610596,3551,3541,2981,-1,-1,0.3965663012237276,0.5873604360636212,67.51668598611104,OK,
FD,random,0.05,3,115233,115233,5.000010847610596,3551,3541,2981,224,2757,0.0392156862745098,0.55,7.1301247771836,OK,
AD,random,0.05,3,115233,115233,5.000010847610596,3551,3541,2981,114,2867,0.6461538461538462,0.8941176470588236,72.26720647773278,OK,
ADT,random,0.05,3,115233,115233,5.000010847610596,3551,3541,2981,121,2860,0.14285714285714285,0.509090909090909,28.06122448979592,OK,
VC,random,0.05,4,115233,115233,5.000010847610596,3551,3537,2997,-1,-1,0.381658701568853,0.5910764760480112,64.57010505995034,OK,
FD,random,0.05,4,115233,115233,5.000010847610596,3551,3537,2997,228,2769,0.14545454545454545,0.5569620253164557,26.115702479338843,OK,
AD,random,0.05,4,115233,115233,5.000010847610596,3551,3537,2997,129,2868,0.7428571428571429,0.8941176470588236,83.0827067669173,OK,
ADT,random,0.05,4,115233,115233,5.000010847610596,3551,3537,2997,128,2869,0.36,0.5172413793103449,69.6,OK,
VC,random,0.1,0,230466,230466,10.000021695221193,3551,3550,3094,-1,-1,0.3211214395942519,0.6064505612959067,52.950967496518885,OK,
FD,random,0.1,0,230466,230466,10.000021695221193,3551,3550,3094,233,2861,0.1111111111111111,0.5185185185185185,21.42857142857143,OK,
AD,random,0.1,0,230466,230466,10.000021695221193,3551,3550,3094,148,2946,0.7777777777777778,0.891566265060241,87.23723723723725,OK,
ADT,random,0.1,0,230466,230466,10.000021695221193,3551,3550,3094,147,2947,0.375,0.5,75.0,OK,
VC,random,0.1,1,230466,230466,10.000021695221193,3551,3549,3093,-1,-1,0.40141722910083194,0.5875652469691118,68.31874947871694,OK,
FD,random,0.1,1,230466,230466,10.000021695221193,3551,3549,3093,236,2857,0.07547169811320754,0.5569620253164557,13.550600343053175,OK,
AD,random,0.1,1,230466,230466,10.000021695221193,3551,3549,3093,141,2952,0.8,0.9156626506024096,87.36842105263159,OK,
ADT,random,0.1,1,230466,230466,10.000021695221193,3551,3549,3093,142,2951,0.2978723404255319,0.5263157894736842,56.59574468085106,OK,
VC,random,0.1,2,230466,230466,10.000021695221193,3551,3549,3087,-1,-1,0.3779359471330417,0.5934336196411767,63.68630536327938,OK,
FD,random,0.1,2,230466,230466,10.000021695221193,3551,3549,3087,236,2851,0.2033898305084746,0.5641025641025641,36.055469953775045,OK,
AD,random,0.1,2,230466,230466,10.000021695221193,3551,3549,3087,146,2941,0.7945205479452054,0.8941176470588236,88.86085075702955,OK,
ADT,random,0.1,2,230466,230466,10.000021695221193,3551,3549,3087,143,2944,0.3673469387755102,0.5263157894736842,69.79591836734694,OK,
VC,random,0.1,3,230466,230466,10.000021695221193,3551,3550,3083,-1,-1,0.4068028989002534,0.5873604360636212,69.2594996058246,OK,
FD,random,0.1,3,230466,230466,10.000021695221193,3551,3550,3083,232,2851,0.10714285714285714,0.55,19.480519480519476,OK,
AD,random,0.1,3,230466,230466,10.000021695221193,3551,3550,3083,143,2940,0.7246376811594203,0.8941176470588236,81.04500381388253,OK,
ADT,random,0.1,3,230466,230466,10.000021695221193,3551,3550,3083,141,2942,0.39215686274509803,0.509090909090909,77.03081232492998,OK,
VC,random,0.1,4,230466,230466,10.000021695221193,3551,3549,3098,-1,-1,0.4012919688560694,0.5910764760480112,67.89171708188125,OK,
FD,random,0.1,4,230466,230466,10.000021695221193,3551,3549,3098,236,2862,0.14285714285714285,0.5569620253164557,25.649350649350648,OK,
AD,random,0.1,4,230466,230466,10.000021695221193,3551,3549,3098,143,2955,0.7058823529411765,0.8941176470588236,78.94736842105263,OK,
ADT,random,0.1,4,230466,230466,10.000021695221193,3551,3549,3098,141,2957,0.3404255319148936,0.5172413793103449,65.81560283687942,OK,
VC,random,0.25,0,576164,576164,25.000010847610596,3551,3551,3145,-1,-1,0.38927842831083226,0.6064505612959067,64.18963937950596,OK,
FD,random,0.25,0,576164,576164,25.000010847610596,3551,3551,3145,241,2904,0.14285714285714285,0.5185185185185185,27.551020408163264,OK,
AD,random,0.25,0,576164,576164,25.000010847610596,3551,3551,3145,156,2989,0.8717948717948718,0.891566265060241,97.7823977823978,OK,
ADT,random,0.25,0,576164,576164,25.000010847610596,3551,3551,3145,156,2989,0.4230769230769231,0.5,84.61538461538461,OK,
VC,random,0.25,1,576164,576164,25.000010847610596,3551,3551,3136,-1,-1,0.3924640814550441,0.5875652469691118,66.79497868186132,OK,
FD,random,0.25,1,576164,576164,25.000010847610596,3551,3551,3136,240,2896,0.20689655172413793,0.5569620253164557,37.1473354231975,OK,
AD,random,0.25,1,576164,576164,25.000010847610596,3551,3551,3136,155,2981,0.8266666666666667,0.9156626506024096,90.28070175438597,OK,
ADT,random,0.25,1,576164,576164,25.000010847610596,3551,3551,3136,153,2983,0.3673469387755102,0.5263157894736842,69.79591836734694,OK,
VC,random,0.25,2,576164,576164,25.000010847610596,3551,3551,3141,-1,-1,0.46323323416279033,0.5934336196411767,78.05982317666584,OK,
FD,random,0.25,2,576164,576164,25.000010847610596,3551,3551,3141,240,2901,0.26229508196721313,0.5641025641025641,46.497764530551414,OK,
AD,random,0.25,2,576164,576164,25.000010847610596,3551,3551,3141,156,2985,0.8717948717948718,0.8941176470588236,97.50337381916329,OK,
ADT,random,0.25,2,576164,576164,25.000010847610596,3551,3551,3141,153,2988,0.375,0.5263157894736842,71.25,OK,
VC,random,0.25,3,576164,576164,25.000010847610596,3551,3551,3139,-1,-1,0.3952974477889332,0.5873604360636212,67.30065961509804,OK,
FD,random,0.25,3,576164,576164,25.000010847610596,3551,3551,3139,239,2900,0.17543859649122806,0.55,31.897926634768734,OK,
AD,random,0.25,3,576164,576164,25.000010847610596,3551,3551,3139,156,2983,0.8421052631578947,0.8941176470588236,94.18282548476454,OK,
ADT,random,0.25,3,576164,576164,25.000010847610596,3551,3551,3139,154,2985,0.2978723404255319,0.509090909090909,58.51063829787235,OK,
VC,random,0.25,4,576164,576164,25.000010847610596,3551,3551,3140,-1,-1,0.4135821364666115,0.5910764760480112,69.97100260728658,OK,
FD,random,0.25,4,576164,576164,25.000010847610596,3551,3551,3140,241,2899,0.22580645161290322,0.5569620253164557,40.542521994134894,OK,
AD,random,0.25,4,576164,576164,25.000010847610596,3551,3551,3140,156,2984,0.8421052631578947,0.8941176470588236,94.18282548476454,OK,
ADT,random,0.25,4,576164,576164,25.000010847610596,3551,3551,3140,155,2985,0.26666666666666666,0.5172413793103449,51.55555555555556,OK,
VC,random,0.5,0,1152328,1152328,50.00002169522119,3551,3551,3154,-1,-1,0.5126312169155822,0.6064505612959067,84.52976213265521,OK,
FD,random,0.5,0,1152328,1152328,50.00002169522119,3551,3551,3154,240,2914,0.3880597014925373,0.5185185185185185,74.84008528784649,OK,
AD,random,0.5,0,1152328,1152328,50.00002169522119,3551,3551,3154,158,2996,0.8809523809523809,0.891566265060241,98.8095238095238,OK,
ADT,random,0.5,0,1152328,1152328,50.00002169522119,3551,3551,3154,159,2995,0.32,0.5,64.0,OK,
VC,random,0.5,1,1152328,1152328,50.00002169522119,3551,3551,3155,-1,-1,0.5260409194869958,0.5875652469691118,89.528936947942,OK,
FD,random,0.5,1,1152328,1152328,50.00002169522119,3551,3551,3155,241,2914,0.4507042253521127,0.5569620253164557,80.92189500640205,OK,
AD,random,0.5,1,1152328,1152328,50.00002169522119,3551,3551,3155,159,2996,0.8607594936708861,0.9156626506024096,94.00399733510993,OK,
ADT,random,0.5,1,1152328,1152328,50.00002169522119,3551,3551,3155,159,2996,0.3333333333333333,0.5263157894736842,63.33333333333333,OK,
VC,random,0.5,2,1152328,1152328,50.00002169522119,3551,3551,3156,-1,-1,0.5190930781747918,0.5934336196411767,87.47281262707438,OK,
FD,random,0.5,2,1152328,1152328,50.00002169522119,3551,3551,3156,243,2913,0.463768115942029,0.5641025641025641,82.21343873517786,OK,
AD,random,0.5,2,1152328,1152328,50.00002169522119,3551,3551,3156,158,2998,0.891566265060241,0.8941176470588236,99.714648065948,OK,
ADT,random,0.5,2,1152328,1152328,50.00002169522119,3551,3551,3156,157,2999,0.3673469387755102,0.5263157894736842,69.79591836734694,OK,
VC,random,0.5,3,1152328,1152328,50.00002169522119,3551,3551,3153,-1,-1,0.5162931338944631,0.5873604360636212,87.90056363934933,OK,
FD,random,0.5,3,1152328,1152328,50.00002169522119,3551,3551,3153,240,2913,0.45714285714285713,0.55,83.11688311688312,OK,
AD,random,0.5,3,1152328,1152328,50.00002169522119,3551,3551,3153,158,2994,0.8780487804878049,0.8941176470588236,98.20282413350449,OK,
ADT,random,0.5,3,1152328,1152328,50.00002169522119,3551,3551,3153,157,2995,0.43137254901960786,0.509090909090909,84.73389355742299,OK,
VC,random,0.5,4,1152328,1152328,50.00002169522119,3551,3551,3155,-1,-1,0.4950245146187551,0.5910764760480112,83.74965587000385,OK,
FD,random,0.5,4,1152328,1152328,50.00002169522119,3551,3551,3155,241,2914,0.42857142857142855,0.5569620253164557,76.94805194805194,OK,
AD,random,0.5,4,1152328,1152328,50.00002169522119,3551,3551,3155,158,2997,0.891566265060241,0.8941176470588236,99.714648065948,OK,
ADT,random,0.5,4,1152328,1152328,50.00002169522119,3551,3551,3155,158,2997,0.3673469387755102,0.5172413793103449,71.0204081632653,OK,
VC,random,1.0,0,2304655,2304655,100.0,3551,3551,3166,-1,-1,0.6064505612959067,0.6064505612959067,100.0,OK,
FD,random,1.0,0,2304655,2304655,100.0,3551,3551,3166,244,2922,0.5185185185185185,0.5185185185185185,100.0,OK,
AD,random,1.0,0,2304655,2304655,100.0,3551,3551,3166,159,3007,0.891566265060241,0.891566265060241,100.0,OK,
ADT,random,1.0,0,2304655,2304655,100.0,3551,3551,3166,161,3005,0.5,0.5,100.0,OK,
VC,random,1.0,1,2304655,2304655,100.0,3551,3551,3166,-1,-1,0.5875652469691118,0.5875652469691118,100.0,OK,
FD,random,1.0,1,2304655,2304655,100.0,3551,3551,3166,244,2922,0.5569620253164557,0.5569620253164557,100.0,OK,
AD,random,1.0,1,2304655,2304655,100.0,3551,3551,3166,159,3007,0.9156626506024096,0.9156626506024096,100.00000000000001,OK,
ADT,random,1.0,1,2304655,2304655,100.0,3551,3551,3166,161,3005,0.5263157894736842,0.5263157894736842,100.0,OK,
VC,random,1.0,2,2304655,2304655,100.0,3551,3551,3166,-1,-1,0.5934336196411767,0.5934336196411767,100.0,OK,
FD,random,1.0,2,2304655,2304655,100.0,3551,3551,3166,244,2922,0.5641025641025641,0.5641025641025641,100.0,OK,
AD,random,1.0,2,2304655,2304655,100.0,3551,3551,3166,159,3007,0.8941176470588236,0.8941176470588236,100.0,OK,
ADT,random,1.0,2,2304655,2304655,100.0,3551,3551,3166,161,3005,0.5263157894736842,0.5263157894736842,100.0,OK,
VC,random,1.0,3,2304655,2304655,100.0,3551,3551,3166,-1,-1,0.5873604360636212,0.5873604360636212,100.0,OK,
FD,random,1.0,3,2304655,2304655,100.0,3551,3551,3166,244,2922,0.55,0.55,100.0,OK,
AD,random,1.0,3,2304655,2304655,100.0,3551,3551,3166,159,3007,0.8941176470588236,0.8941176470588236,100.0,OK,
ADT,random,1.0,3,2304655,2304655,100.0,3551,3551,3166,161,3005,0.509090909090909,0.509090909090909,100.0,OK,
VC,random,1.0,4,2304655,2304655,100.0,3551,3551,3166,-1,-1,0.5910764760480112,0.5910764760480112,100.0,OK,
FD,random,1.0,4,2304655,2304655,100.0,3551,3551,3166,244,2922,0.5569620253164557,0.5569620253164557,100.0,OK,
AD,random,1.0,4,2304655,2304655,100.0,3551,3551,3166,159,3007,0.8941176470588236,0.8941176470588236,100.0,OK,
ADT,random,1.0,4,2304655,2304655,100.0,3551,3551,3166,161,3005,0.5172413793103449,0.5172413793103449,100.0,OK,
VC,stratified,0.01,0,23047,23046,0.999976135256687,3551,3329,2346,-1,-1,0.4191030534101719,0.6064505612959067,69.1075382162402,OK,
FD,stratified,0.01,0,23047,23046,0.999976135256687,3551,3329,2346,170,2176,0.25806451612903225,0.5185185185185185,49.76958525345622,OK,
AD,stratified,0.01,0,23047,23046,0.999976135256687,3551,3329,2346,40,2306,0.5423728813559322,0.891566265060241,60.833715071003205,OK,
ADT,stratified,0.01,0,23047,23046,0.999976135256687,3551,3329,2346,65,2281,0.05,0.5,10.0,OK,
VC,stratified,0.01,1,23047,23046,0.999976135256687,3551,3314,2321,-1,-1,0.4486775963502821,0.5875652469691118,76.3621740163725,OK,
FD,stratified,0.01,1,23047,23046,0.999976135256687,3551,3314,2321,167,2154,0.26666666666666666,0.5569620253164557,47.87878787878788,OK,
AD,stratified,0.01,1,23047,23046,0.999976135256687,3551,3314,2321,37,2284,0.49122807017543857,0.9156626506024096,53.64727608494921,OK,
ADT,stratified,0.01,1,23047,23046,0.999976135256687,3551,3314,2321,54,2267,0.09090909090909091,0.5263157894736842,17.272727272727277,OK,
VC,stratified,0.01,2,23047,23046,0.999976135256687,3551,3308,2319,-1,-1,0.4549423348124647,0.5934336196411767,76.66271673107236,OK,
FD,stratified,0.01,2,23047,23046,0.999976135256687,3551,3308,2319,166,2153,0.34375,0.5641025641025641,60.9375,OK,
AD,stratified,0.01,2,23047,23046,0.999976135256687,3551,3308,2319,23,2296,0.5333333333333333,0.8941176470588236,59.64912280701754,OK,
ADT,stratified,0.01,2,23047,23046,0.999976135256687,3551,3308,2319,47,2272,0.0,0.5263157894736842,0.0,OK,
VC,stratified,0.01,3,23047,23046,0.999976135256687,3551,3324,2350,-1,-1,0.4730251054342173,0.5873604360636212,80.53404287907817,OK,
FD,stratified,0.01,3,23047,23046,0.999976135256687,3551,3324,2350,170,2180,0.11320754716981132,0.55,20.58319039451115,OK,
AD,stratified,0.01,3,23047,23046,0.999976135256687,3551,3324,2350,40,2310,0.5806451612903226,0.8941176470588236,64.94057724957555,OK,
ADT,stratified,0.01,3,23047,23046,0.999976135256687,3551,3324,2350,59,2291,0.2,0.509090909090909,39.28571428571429,OK,
VC,stratified,0.01,4,23047,23046,0.999976135256687,3551,3331,2352,-1,-1,0.4453518256349562,0.5910764760480112,75.34588901466986,OK,
FD,stratified,0.01,4,23047,23046,0.999976135256687,3551,3331,2352,170,2182,0.0392156862745098,0.5569620253164557,7.040998217468806,OK,
AD,stratified,0.01,4,23047,23046,0.999976135256687,3551,3331,2352,36,2316,0.5333333333333333,0.8941176470588236,59.64912280701754,OK,
ADT,stratified,0.01,4,23047,23046,0.999976135256687,3551,3331,2352,55,2297,0.2608695652173913,0.5172413793103449,50.43478260869565,OK,
VC,stratified,0.05,0,115233,115233,5.000010847610596,3551,3540,2985,-1,-1,0.358899651089009,0.6064505612959067,59.18036423646583,OK,
FD,stratified,0.05,0,115233,115233,5.000010847610596,3551,3540,2985,229,2756,0.2033898305084746,0.5185185185185185,39.22518159806296,OK,
AD,stratified,0.05,0,115233,115233,5.000010847610596,3551,3540,2985,109,2876,0.6031746031746031,0.891566265060241,67.65336765336765,OK,
ADT,stratified,0.05,0,115233,115233,5.000010847610596,3551,3540,2985,119,2866,0.30434782608695654,0.5,60.86956521739131,OK,
VC,stratified,0.05,1,115233,115233,5.000010847610596,3551,3533,2978,-1,-1,0.40894715485527994,0.5875652469691118,69.6002966419112,OK,
FD,stratified,0.05,1,115233,115233,5.000010847610596,3551,3533,2978,225,2753,0.14035087719298245,0.5569620253164557,25.199362041467303,OK,
AD,stratified,0.05,1,115233,115233,5.000010847610596,3551,3533,2978,114,2864,0.7428571428571429,0.9156626506024096,81.1278195488722,OK,
ADT,stratified,0.05,1,115233,115233,5.000010847610596,3551,3533,2978,116,2862,0.18604651162790697,0.5263157894736842,35.34883720930233,OK,
VC,stratified,0.05,2,115233,115233,5.000010847610596,3551,3530,2985,-1,-1,0.4056039157000178,0.5934336196411767,68.3486580934307,OK,
FD,stratified,0.05,2,115233,115233,5.000010847610596,3551,3530,2985,226,2759,0.20689655172413793,0.5641025641025641,36.677115987460816,OK,
AD,stratified,0.05,2,115233,115233,5.000010847610596,3551,3530,2985,116,2869,0.6461538461538462,0.8941176470588236,72.26720647773278,OK,
ADT,stratified,0.05,2,115233,115233,5.000010847610596,3551,3530,2985,119,2866,0.14285714285714285,0.5263157894736842,27.142857142857142,OK,
VC,stratified,0.05,3,115233,115233,5.000010847610596,3551,3532,2984,-1,-1,0.4231351520174043,0.5873604360636212,72.0401181348162,OK,
FD,stratified,0.05,3,115233,115233,5.000010847610596,3551,3532,2984,225,2759,0.14545454545454545,0.55,26.446280991735534,OK,
AD,stratified,0.05,3,115233,115233,5.000010847610596,3551,3532,2984,121,2863,0.7428571428571429,0.8941176470588236,83.0827067669173,OK,
ADT,stratified,0.05,3,115233,115233,5.000010847610596,3551,3532,2984,124,2860,0.14285714285714285,0.509090909090909,28.06122448979592,OK,
VC,stratified,0.05,4,115233,115233,5.000010847610596,3551,3538,2981,-1,-1,0.39890383000516677,0.5910764760480112,67.48768495614519,OK,
FD,stratified,0.05,4,115233,115233,5.000010847610596,3551,3538,2981,222,2759,0.038461538461538464,0.5569620253164557,6.905594405594406,OK,
AD,stratified,0.05,4,115233,115233,5.000010847610596,3551,3538,2981,120,2861,0.6764705882352942,0.8941176470588236,75.65789473684211,OK,
ADT,stratified,0.05,4,115233,115233,5.000010847610596,3551,3538,2981,124,2857,0.22727272727272727,0.5172413793103449,43.93939393939394,OK,
VC,stratified,0.1,0,230466,230465,9.999978304778807,3551,3549,3084,-1,-1,0.3429464129253376,0.6064505612959067,56.54977253092244,OK,
FD,stratified,0.1,0,230466,230465,9.999978304778807,3551,3549,3084,233,2851,0.26666666666666666,0.5185185185185185,51.42857142857143,OK,
AD,stratified,0.1,0,230466,230465,9.999978304778807,3551,3549,3084,143,2941,0.8108108108108109,0.891566265060241,90.94229364499635,OK,
ADT,stratified,0.1,0,230466,230465,9.999978304778807,3551,3549,3084,142,2942,0.4,0.5,80.0,OK,
VC,stratified,0.1,1,230466,230465,9.999978304778807,3551,3550,3085,-1,-1,0.36594340187609997,0.5875652469691118,62.28132173639901,OK,
FD,stratified,0.1,1,230466,230465,9.999978304778807,3551,3550,3085,235,2850,0.2,0.5569620253164557,35.909090909090914,OK,
AD,stratified,0.1,1,230466,230465,9.999978304778807,3551,3550,3085,141,2944,0.7945205479452054,0.9156626506024096,86.77000720980534,OK,
ADT,stratified,0.1,1,230466,230465,9.999978304778807,3551,3550,3085,135,2950,0.2857142857142857,0.5263157894736842,54.285714285714285,OK,
VC,stratified,0.1,2,230466,230465,9.999978304778807,3551,3548,3087,-1,-1,0.3948978270000759,0.5934336196411767,66.54456605253564,OK,
FD,stratified,0.1,2,230466,230465,9.999978304778807,3551,3548,3087,236,2851,0.07407407407407407,0.5641025641025641,13.13131313131313,OK,
AD,stratified,0.1,2,230466,230465,9.999978304778807,3551,3548,3087,145,2942,0.7058823529411765,0.8941176470588236,78.94736842105263,OK,
ADT,stratified,0.1,2,230466,230465,9.999978304778807,3551,3548,3087,144,2943,0.22727272727272727,0.5263157894736842,43.18181818181818,OK,
VC,stratified,0.1,3,230466,230465,9.999978304778807,3551,3550,3087,-1,-1,0.42224375980077006,0.5873604360636212,71.88835574805958,OK,
FD,stratified,0.1,3,230466,230465,9.999978304778807,3551,3550,3087,234,2853,0.10714285714285714,0.55,19.480519480519476,OK,
AD,stratified,0.1,3,230466,230465,9.999978304778807,3551,3550,3087,144,2943,0.7945205479452054,0.8941176470588236,88.86085075702955,OK,
ADT,stratified,0.1,3,230466,230465,9.999978304778807,3551,3550,3087,145,2942,0.30434782608695654,0.509090909090909,59.782608695652186,OK,
VC,stratified,0.1,4,230466,230465,9.999978304778807,3551,3551,3086,-1,-1,0.3977510071290995,0.5910764760480112,67.29264710186021,OK,
FD,stratified,0.1,4,230466,230465,9.999978304778807,3551,3551,3086,234,2852,0.14545454545454545,0.5569620253164557,26.115702479338843,OK,
AD,stratified,0.1,4,230466,230465,9.999978304778807,3551,3551,3086,147,2939,0.7058823529411765,0.8941176470588236,78.94736842105263,OK,
ADT,stratified,0.1,4,230466,230465,9.999978304778807,3551,3551,3086,144,2942,0.14285714285714285,0.5172413793103449,27.619047619047617,OK,
VC,stratified,0.25,0,576164,576164,25.000010847610596,3551,3551,3140,-1,-1,0.37633682794335266,0.6064505612959067,62.05564838445682,OK,
FD,stratified,0.25,0,576164,576164,25.000010847610596,3551,3551,3140,240,2900,0.1694915254237288,0.5185185185185185,32.687651331719124,OK,
AD,stratified,0.25,0,576164,576164,25.000010847610596,3551,3551,3140,153,2987,0.8311688311688312,0.891566265060241,93.22569322569322,OK,
ADT,stratified,0.25,0,576164,576164,25.000010847610596,3551,3551,3140,155,2985,0.32653061224489793,0.5,65.3061224489796,OK,
VC,stratified,0.25,1,576164,576164,25.000010847610596,3551,3551,3140,-1,-1,0.39511829926209147,0.5875652469691118,67.2467102675429,OK,
FD,stratified,0.25,1,576164,576164,25.000010847610596,3551,3551,3140,241,2899,0.25806451612903225,0.5569620253164557,46.334310850439884,OK,
AD,stratified,0.25,1,576164,576164,25.000010847610596,3551,3551,3140,153,2985,0.8108108108108109,0.9156626506024096,88.54907539118066,OK,
ADT,stratified,0.25,1,576164,576164,25.000010847610596,3551,3551,3140,153,2985,0.38461538461538464,0.5263157894736842,73.0769230769231,OK,
VC,stratified,0.25,2,576164,576164,25.000010847610596,3551,3551,3141,-1,-1,0.40838993562288584,0.5934336196411767,68.81813266154711,OK,
FD,stratified,0.25,2,576164,576164,25.000010847610596,3551,3551,3141,242,2899,0.26229508196721313,0.5641025641025641,46.497764530551414,OK,
AD,stratified,0.25,2,576164,576164,25.000010847610596,3551,3551,3141,156,2985,0.7777777777777778,0.8941176470588236,86.98830409356725,OK,
ADT,stratified,0.25,2,576164,576164,25.000010847610596,3551,3551,3141,154,2987,0.3404255319148936,0.5263157894736842,64.68085106382979,OK,
VC,stratified,0.25,3,576164,576164,25.000010847610596,3551,3551,3142,-1,-1,0.4005580344991668,0.5873604360636212,68.19629139198261,OK,
FD,stratified,0.25,3,576164,576164,25.000010847610596,3551,3551,3142,240,2902,0.31746031746031744,0.55,57.72005772005771,OK,
AD,stratified,0.25,3,576164,576164,25.000010847610596,3551,3551,3142,156,2986,0.8,0.8941176470588236,89.47368421052632,OK,
ADT,stratified,0.25,3,576164,576164,25.000010847610596,3551,3551,3142,154,2988,0.18604651162790697,0.509090909090909,36.544850498338874,OK,
VC,stratified,0.25,4,576164,576164,25.000010847610596,3551,3551,3142,-1,-1,0.4011573986712725,0.5910764760480112,67.86895011512652,OK,
FD,stratified,0.25,4,576164,576164,25.000010847610596,3551,3551,3142,242,2900,0.28125,0.5569620253164557,50.49715909090909,OK,
AD,stratified,0.25,4,576164,576164,25.000010847610596,3551,3551,3142,156,2986,0.8421052631578947,0.8941176470588236,94.18282548476454,OK,
ADT,stratified,0.25,4,576164,576164,25.000010847610596,3551,3551,3142,154,2988,0.3404255319148936,0.5172413793103449,65.81560283687942,OK,
VC,stratified,0.5,0,1152328,1152327,49.99997830477881,3551,3551,3155,-1,-1,0.5074852682244166,0.6064505612959067,83.68122656857403,OK,
FD,stratified,0.5,0,1152328,1152327,49.99997830477881,3551,3551,3155,240,2915,0.4594594594594595,0.5185185185185185,88.61003861003863,OK,
AD,stratified,0.5,0,1152328,1152327,49.99997830477881,3551,3551,3155,159,2996,0.9024390243902439,0.891566265060241,101.21951219512196,OK,
ADT,stratified,0.5,0,1152328,1152327,49.99997830477881,3551,3551,3155,159,2996,0.2978723404255319,0.5,59.57446808510638,OK,
VC,stratified,0.5,1,1152328,1152327,49.99997830477881,3551,3551,3154,-1,-1,0.5225469854953688,0.5875652469691118,88.93429081976304,OK,
FD,stratified,0.5,1,1152328,1152327,49.99997830477881,3551,3551,3154,243,2911,0.4,0.5569620253164557,71.81818181818183,OK,
AD,stratified,0.5,1,1152328,1152327,49.99997830477881,3551,3551,3154,157,2996,0.8461538461538461,0.9156626506024096,92.4089068825911,OK,
ADT,stratified,0.5,1,1152328,1152327,49.99997830477881,3551,3551,3154,157,2996,0.4,0.5263157894736842,76.0,OK,
VC,stratified,0.5,2,1152328,1152327,49.99997830477881,3551,3551,3156,-1,-1,0.5337210774649218,0.5934336196411767,89.93778913092918,OK,
FD,stratified,0.5,2,1152328,1152327,49.99997830477881,3551,3551,3156,242,2914,0.4507042253521127,0.5641025641025641,79.8975672215109,OK,
AD,stratified,0.5,2,1152328,1152327,49.99997830477881,3551,3551,3156,159,2997,0.8888888888888888,0.8941176470588236,99.41520467836257,OK,
ADT,stratified,0.5,2,1152328,1152327,49.99997830477881,3551,3551,3156,159,2997,0.2978723404255319,0.5263157894736842,56.59574468085106,OK,
VC,stratified,0.5,3,1152328,1152327,49.99997830477881,3551,3551,3151,-1,-1,0.5217086245026333,0.5873604360636212,88.822568302187,OK,
FD,stratified,0.5,3,1152328,1152327,49.99997830477881,3551,3551,3151,240,2911,0.4225352112676056,0.55,76.82458386683737,OK,
AD,stratified,0.5,3,1152328,1152327,49.99997830477881,3551,3551,3151,158,2993,0.891566265060241,0.8941176470588236,99.714648065948,OK,
ADT,stratified,0.5,3,1152328,1152327,49.99997830477881,3551,3551,3151,158,2993,0.2553191489361702,0.509090909090909,50.15197568389058,OK,
VC,stratified,0.5,4,1152328,1152327,49.99997830477881,3551,3551,3159,-1,-1,0.511716704301344,0.5910764760480112,86.5736880145741,OK,
FD,stratified,0.5,4,1152328,1152327,49.99997830477881,3551,3551,3159,243,2916,0.4594594594594595,0.5569620253164557,82.4938574938575,OK,
AD,stratified,0.5,4,1152328,1152327,49.99997830477881,3551,3551,3159,158,3001,0.8780487804878049,0.8941176470588236,98.20282413350449,OK,
ADT,stratified,0.5,4,1152328,1152327,49.99997830477881,3551,3551,3159,159,3000,0.36,0.5172413793103449,69.6,OK,
VC,stratified,1.0,0,2304655,2304655,100.0,3551,3551,3166,-1,-1,0.6064505612959067,0.6064505612959067,100.0,OK,
FD,stratified,1.0,0,2304655,2304655,100.0,3551,3551,3166,244,2922,0.5185185185185185,0.5185185185185185,100.0,OK,
AD,stratified,1.0,0,2304655,2304655,100.0,3551,3551,3166,159,3007,0.891566265060241,0.891566265060241,100.0,OK,
ADT,stratified,1.0,0,2304655,2304655,100.0,3551,3551,3166,161,3005,0.5,0.5,100.0,OK,
VC,stratified,1.0,1,2304655,2304655,100.0,3551,3551,3166,-1,-1,0.5875652469691118,0.5875652469691118,100.0,OK,
FD,stratified,1.0,1,2304655,2304655,100.0,3551,3551,3166,244,2922,0.5569620253164557,0.5569620253164557,100.0,OK,
AD,stratified,1.0,1,2304655,2304655,100.0,3551,3551,3166,159,3007,0.9156626506024096,0.9156626506024096,100.00000000000001,OK,
ADT,stratified,1.0,1,2304655,2304655,100.0,3551,3551,3166,161,3005,0.5263157894736842,0.5263157894736842,100.0,OK,
VC,stratified,1.0,2,2304655,2304655,100.0,3551,3551,3166,-1,-1,0.5934336196411767,0.5934336196411767,100.0,OK,
FD,stratified,1.0,2,2304655,2304655,100.0,3551,3551,3166,244,2922,0.5641025641025641,0.5641025641025641,100.0,OK,
AD,stratified,1.0,2,2304655,2304655,100.0,3551,3551,3166,159,3007,0.8941176470588236,0.8941176470588236,100.0,OK,
ADT,stratified,1.0,2,2304655,2304655,100.0,3551,3551,3166,161,3005,0.5263157894736842,0.5263157894736842,100.0,OK,
VC,stratified,1.0,3,2304655,2304655,100.0,3551,3551,3166,-1,-1,0.5873604360636212,0.5873604360636212,100.0,OK,
FD,stratified,1.0,3,2304655,2304655,100.0,3551,3551,3166,244,2922,0.55,0.55,100.0,OK,
AD,stratified,1.0,3,2304655,2304655,100.0,3551,3551,3166,159,3007,0.8941176470588236,0.8941176470588236,100.0,OK,
ADT,stratified,1.0,3,2304655,2304655,100.0,3551,3551,3166,161,3005,0.509090909090909,0.509090909090909,100.0,OK,
VC,stratified,1.0,4,2304655,2304655,100.0,3551,3551,3166,-1,-1,0.5910764760480112,0.5910764760480112,100.0,OK,
FD,stratified,1.0,4,2304655,2304655,100.0,3551,3551,3166,244,2922,0.5569620253164557,0.5569620253164557,100.0,OK,
AD,stratified,1.0,4,2304655,2304655,100.0,3551,3551,3166,159,3007,0.8941176470588236,0.8941176470588236,100.0,OK,
ADT,stratified,1.0,4,2304655,2304655,100.0,3551,3551,3166,161,3005,0.5172413793103449,0.5172413793103449,100.0,OK,
VC,spatial,0.01,0,23047,23046,0.999976135256687,3551,2977,1713,-1,-1,0.3472503717288011,0.6064505612959067,57.25946909617361,OK,
FD,spatial,0.01,0,23047,23046,0.999976135256687,3551,2977,1713,96,1617,0.11320754716981132,0.5185185185185185,21.832884097035045,OK,
AD,spatial,0.01,0,23047,23046,0.999976135256687,3551,2977,1713,18,1695,0.24489795918367346,0.891566265060241,27.468284611141755,OK,
ADT,spatial,0.01,0,23047,23046,0.999976135256687,3551,2977,1713,36,1677,0.05,0.5,10.0,OK,
VC,spatial,0.01,1,23047,23046,0.999976135256687,3551,2945,1718,-1,-1,0.38999037713151435,0.5875652469691118,66.37396938352552,OK,
FD,spatial,0.01,1,23047,23046,0.999976135256687,3551,2945,1718,90,1628,0.0,0.5569620253164557,0.0,OK,
AD,spatial,0.01,1,23047,23046,0.999976135256687,3551,2945,1718,21,1697,0.4642857142857143,0.9156626506024096,50.704887218045116,OK,
ADT,spatial,0.01,1,23047,23046,0.999976135256687,3551,2945,1718,45,1673,0.0,0.5263157894736842,0.0,OK,
VC,spatial,0.01,2,23047,23046,0.999976135256687,3551,2979,1702,-1,-1,0.418900484440918,0.5934336196411767,70.58927411194006,OK,
FD,spatial,0.01,2,23047,23046,0.999976135256687,3551,2979,1702,95,1607,0.07692307692307693,0.5641025641025641,13.636363636363637,OK,
AD,spatial,0.01,2,23047,23046,0.999976135256687,3551,2979,1702,22,1680,0.5901639344262295,0.8941176470588236,66.00517687661777,OK,
ADT,spatial,0.01,2,23047,23046,0.999976135256687,3551,2979,1702,33,1669,0.05,0.5263157894736842,9.5,OK,
VC,spatial,0.01,3,23047,23046,0.999976135256687,3551,2973,1703,-1,-1,0.4056970598681077,0.5873604360636212,69.07122696023124,OK,
FD,spatial,0.01,3,23047,23046,0.999976135256687,3551,2973,1703,96,1607,0.10526315789473684,0.55,19.13875598086124,OK,
AD,spatial,0.01,3,23047,23046,0.999976135256687,3551,2973,1703,18,1685,0.13043478260869565,0.8941176470588236,14.588100686498855,OK,
ADT,spatial,0.01,3,23047,23046,0.999976135256687,3551,2973,1703,41,1662,0.05,0.509090909090909,9.821428571428573,OK,
VC,spatial,0.01,4,23047,23046,0.999976135256687,3551,2952,1743,-1,-1,0.3866584355832067,0.5910764760480112,65.41597428617676,OK,
FD,spatial,0.01,4,23047,23046,0.999976135256687,3551,2952,1743,85,1658,0.0,0.5569620253164557,0.0,OK,
AD,spatial,0.01,4,23047,23046,0.999976135256687,3551,2952,1743,17,1726,0.0,0.8941176470588236,0.0,OK,
ADT,spatial,0.01,4,23047,23046,0.999976135256687,3551,2952,1743,39,1704,0.0,0.5172413793103449,0.0,OK,
VC,spatial,0.05,0,115233,115232,4.99996745716821,3551,3479,2780,-1,-1,0.4189352210290454,0.6064505612959067,69.07986367987439,OK,
FD,spatial,0.05,0,115233,115232,4.99996745716821,3551,3479,2780,197,2583,0.3,0.5185185185185185,57.85714285714286,OK,
AD,spatial,0.05,0,115233,115232,4.99996745716821,3551,3479,2780,78,2702,0.5806451612903226,0.891566265060241,65.12641673931998,OK,
ADT,spatial,0.05,0,115233,115232,4.99996745716821,3551,3479,2780,95,2685,0.17777777777777778,0.5,35.55555555555556,OK,
VC,spatial,0.05,1,115233,115232,4.99996745716821,3551,3469,2770,-1,-1,0.4518541612392421,0.5875652469691118,76.90280587051058,OK,
FD,spatial,0.05,1,115233,115232,4.99996745716821,3551,3469,2770,193,2577,0.0392156862745098,0.5569620253164557,7.040998217468806,OK,
AD,spatial,0.05,1,115233,115232,4.99996745716821,3551,3469,2770,79,2691,0.6031746031746031,0.9156626506024096,65.87301587301587,OK,
ADT,spatial,0.05,1,115233,115232,4.99996745716821,3551,3469,2770,93,2677,0.25,0.5263157894736842,47.5,OK,
VC,spatial,0.05,2,115233,115232,4.99996745716821,3551,3480,2761,-1,-1,0.432708868846254,0.5934336196411767,72.91613661994649,OK,
FD,spatial,0.05,2,115233,115232,4.99996745716821,3551,3480,2761,200,2561,0.038461538461538464,0.5641025641025641,6.818181818181818,OK,
AD,spatial,0.05,2,115233,115232,4.99996745716821,3551,3480,2761,75,2686,0.7246376811594203,0.8941176470588236,81.04500381388253,OK,
ADT,spatial,0.05,2,115233,115232,4.99996745716821,3551,3480,2761,91,2670,0.17391304347826086,0.5263157894736842,33.04347826086956,OK,
VC,spatial,0.05,3,115233,115232,4.99996745716821,3551,3465,2777,-1,-1,0.4390574647618168,0.5873604360636212,74.75094299920795,OK,
FD,spatial,0.05,3,115233,115232,4.99996745716821,3551,3465,2777,204,2573,0.14814814814814814,0.55,26.93602693602693,OK,
AD,spatial,0.05,3,115233,115232,4.99996745716821,3551,3465,2777,81,2696,0.6153846153846154,0.8941176470588236,68.82591093117409,OK,
ADT,spatial,0.05,3,115233,115232,4.99996745716821,3551,3465,2777,95,2682,0.046511627906976744,0.509090909090909,9.136212624584719,OK,
VC,spatial,0.05,4,115233,115232,4.99996745716821,3551,3468,2772,-1,-1,0.4184270953212393,0.5910764760480112,70.79068653161082,OK,
FD,spatial,0.05,4,115233,115232,4.99996745716821,3551,3468,2772,198,2574,0.0,0.5569620253164557,0.0,OK,
AD,spatial,0.05,4,115233,115232,4.99996745716821,3551,3468,2772,73,2699,0.7605633802816901,0.8941176470588236,85.06300963676797,OK,
ADT,spatial,0.05,4,115233,115232,4.99996745716821,3551,3468,2772,89,2683,0.24489795918367346,0.5172413793103449,47.346938775510196,OK,
VC,spatial,0.1,0,230466,230465,9.999978304778807,3551,3525,2958,-1,-1,0.3854809758547022,0.6064505612959067,63.563462622736964,OK,
FD,spatial,0.1,0,230466,230465,9.999978304778807,3551,3525,2958,217,2741,0.14814814814814814,0.5185185185185185,28.57142857142857,OK,
AD,spatial,0.1,0,230466,230465,9.999978304778807,3551,3525,2958,111,2847,0.7777777777777778,0.891566265060241,87.23723723723725,OK,
ADT,spatial,0.1,0,230466,230465,9.999978304778807,3551,3525,2958,115,2843,0.2222222222222222,0.5,44.44444444444444,OK,
VC,spatial,0.1,1,230466,230465,9.999978304778807,3551,3525,2954,-1,-1,0.4571514647586175,0.5875652469691118,77.80437442765397,OK,
FD,spatial,0.1,1,230466,230465,9.999978304778807,3551,3525,2954,219,2735,0.07692307692307693,0.5569620253164557,13.811188811188812,OK,
AD,spatial,0.1,1,230466,230465,9.999978304778807,3551,3525,2954,110,2844,0.7246376811594203,0.9156626506024096,79.13806254767354,OK,
ADT,spatial,0.1,1,230466,230465,9.999978304778807,3551,3525,2954,114,2840,0.32,0.5263157894736842,60.800000000000004,OK,
VC,spatial,0.1,2,230466,230465,9.999978304778807,3551,3533,2968,-1,-1,0.4031921739476764,0.5934336196411767,67.94225345565508,OK,
FD,spatial,0.1,2,230466,230465,9.999978304778807,3551,3533,2968,219,2749,0.0,0.5641025641025641,0.0,OK,
AD,spatial,0.1,2,230466,230465,9.999978304778807,3551,3533,2968,115,2853,0.8108108108108109,0.8941176470588236,90.6827880512091,OK,
ADT,spatial,0.1,2,230466,230465,9.999978304778807,3551,3533,2968,125,2843,0.35294117647058826,0.5263157894736842,67.05882352941177,OK,
VC,spatial,0.1,3,230466,230465,9.999978304778807,3551,3521,2952,-1,-1,0.3964729336708512,0.5873604360636212,67.50078986047102,OK,
FD,spatial,0.1,3,230466,230465,9.999978304778807,3551,3521,2952,219,2733,0.0392156862745098,0.55,7.1301247771836,OK,
AD,spatial,0.1,3,230466,230465,9.999978304778807,3551,3521,2952,109,2843,0.7428571428571429,0.8941176470588236,83.0827067669173,OK,
ADT,spatial,0.1,3,230466,230465,9.999978304778807,3551,3521,2952,115,2837,0.32,0.509090909090909,62.85714285714286,OK,
VC,spatial,0.1,4,230466,230465,9.999978304778807,3551,3517,2951,-1,-1,0.3821856984372087,0.5910764760480112,64.65926388959608,OK,
FD,spatial,0.1,4,230466,230465,9.999978304778807,3551,3517,2951,219,2732,0.0,0.5569620253164557,0.0,OK,
AD,spatial,0.1,4,230466,230465,9.999978304778807,3551,3517,2951,113,2838,0.7428571428571429,0.8941176470588236,83.0827067669173,OK,
ADT,spatial,0.1,4,230466,230465,9.999978304778807,3551,3517,2951,117,2834,0.2916666666666667,0.5172413793103449,56.388888888888886,OK,
VC,spatial,0.25,0,576164,576163,24.99996745716821,3551,3549,3097,-1,-1,0.44151253179502353,0.6064505612959067,72.80272457025485,OK,
FD,spatial,0.25,0,576164,576163,24.99996745716821,3551,3549,3097,237,2860,0.07547169811320754,0.5185185185185185,14.555256064690028,OK,
AD,spatial,0.25,0,576164,576163,24.99996745716821,3551,3549,3097,145,2952,0.8157894736842105,0.891566265060241,91.50071123755335,OK,
ADT,spatial,0.25,0,576164,576163,24.99996745716821,3551,3549,3097,143,2954,0.4230769230769231,0.5,84.61538461538461,OK,
VC,spatial,0.25,1,576164,576163,24.99996745716821,3551,3549,3091,-1,-1,0.43149535236842446,0.5875652469691118,73.43786151312453,OK,
FD,spatial,0.25,1,576164,576163,24.99996745716821,3551,3549,3091,238,2853,0.17543859649122806,0.5569620253164557,31.499202551834127,OK,
AD,spatial,0.25,1,576164,576163,24.99996745716821,3551,3549,3091,144,2947,0.7777777777777778,0.9156626506024096,84.94152046783627,OK,
ADT,spatial,0.25,1,576164,576163,24.99996745716821,3551,3549,3091,145,2946,0.32653061224489793,0.5263157894736842,62.04081632653062,OK,
VC,spatial,0.25,2,576164,576163,24.99996745716821,3551,3550,3101,-1,-1,0.454822235065162,0.5934336196411767,76.64247862131118,OK,
FD,spatial,0.25,2,576164,576163,24.99996745716821,3551,3550,3101,237,2864,0.14035087719298245,0.5641025641025641,24.880382775119617,OK,
AD,spatial,0.25,2,576164,576163,24.99996745716821,3551,3550,3101,147,2954,0.7945205479452054,0.8941176470588236,88.86085075702955,OK,
ADT,spatial,0.25,2,576164,576163,24.99996745716821,3551,3550,3101,149,2952,0.3333333333333333,0.5263157894736842,63.33333333333333,OK,
VC,spatial,0.25,3,576164,576163,24.99996745716821,3551,3551,3094,-1,-1,0.4422266596635998,0.5873604360636212,75.29050860614981,OK,
FD,spatial,0.25,3,576164,576163,24.99996745716821,3551,3551,3094,236,2858,0.17857142857142858,0.55,32.467532467532465,OK,
AD,spatial,0.25,3,576164,576163,24.99996745716821,3551,3551,3094,143,2951,0.8108108108108109,0.8941176470588236,90.6827880512091,OK,
ADT,spatial,0.25,3,576164,576163,24.99996745716821,3551,3551,3094,144,2950,0.43137254901960786,0.509090909090909,84.73389355742299,OK,
VC,spatial,0.25,4,576164,576163,24.99996745716821,3551,3549,3102,-1,-1,0.436493058941496,0.5910764760480112,73.84713765973679,OK,
FD,spatial,0.25,4,576164,576163,24.99996745716821,3551,3549,3102,238,2864,0.10909090909090909,0.5569620253164557,19.58677685950413,OK,
AD,spatial,0.25,4,576164,576163,24.99996745716821,3551,3549,3102,147,2955,0.7671232876712328,0.8941176470588236,85.79668348954577,OK,
ADT,spatial,0.25,4,576164,576163,24.99996745716821,3551,3549,3102,147,2955,0.40816326530612246,0.5172413793103449,78.91156462585033,OK,
VC,spatial,0.5,0,1152328,1152327,49.99997830477881,3551,3551,3139,-1,-1,0.5433723147740827,0.6064505612959067,89.59878173959738,OK,
FD,spatial,0.5,0,1152328,1152327,49.99997830477881,3551,3551,3139,241,2898,0.23333333333333334,0.5185185185185185,45.0,OK,
AD,spatial,0.5,0,1152328,1152327,49.99997830477881,3551,3551,3139,155,2984,0.8641975308641975,0.891566265060241,96.93026359693026,OK,
ADT,spatial,0.5,0,1152328,1152327,49.99997830477881,3551,3551,3139,154,2985,0.4,0.5,80.0,OK,
VC,spatial,0.5,1,1152328,1152327,49.99997830477881,3551,3551,3149,-1,-1,0.5543612197922155,0.5875652469691118,94.34887829935901,OK,
FD,spatial,0.5,1,1152328,1152327,49.99997830477881,3551,3551,3149,240,2909,0.25396825396825395,0.5569620253164557,45.5988455988456,OK,
AD,spatial,0.5,1,1152328,1152327,49.99997830477881,3551,3551,3149,157,2991,0.8157894736842105,0.9156626506024096,89.09279778393352,OK,
ADT,spatial,0.5,1,1152328,1152327,49.99997830477881,3551,3551,3149,158,2990,0.2978723404255319,0.5263157894736842,56.59574468085106,OK,
VC,spatial,0.5,2,1152328,1152327,49.99997830477881,3551,3551,3147,-1,-1,0.5384706700401497,0.5934336196411767,90.73814698360691,OK,
FD,spatial,0.5,2,1152328,1152327,49.99997830477881,3551,3551,3147,240,2907,0.22580645161290322,0.5641025641025641,40.029325513196476,OK,
AD,spatial,0.5,2,1152328,1152327,49.99997830477881,3551,3551,3147,156,2991,0.8461538461538461,0.8941176470588236,94.63562753036436,OK,
ADT,spatial,0.5,2,1152328,1152327,49.99997830477881,3551,3551,3147,156,2991,0.21739130434782608,0.5263157894736842,41.30434782608696,OK,
VC,spatial,0.5,3,1152328,1152327,49.99997830477881,3551,3551,3147,-1,-1,0.5467755705948052,0.5873604360636212,93.09029635349495,OK,
FD,spatial,0.5,3,1152328,1152327,49.99997830477881,3551,3551,3147,242,2905,0.23333333333333334,0.55,42.42424242424242,OK,
AD,spatial,0.5,3,1152328,1152327,49.99997830477881,3551,3551,3147,154,2993,0.8641975308641975,0.8941176470588236,96.65367121507471,OK,
ADT,spatial,0.5,3,1152328,1152327,49.99997830477881,3551,3551,3147,155,2992,0.22727272727272727,0.509090909090909,44.642857142857146,OK,
VC,spatial,0.5,4,1152328,1152327,49.99997830477881,3551,3551,3145,-1,-1,0.537799936409911,0.5910764760480112,90.986523436982,OK,
FD,spatial,0.5,4,1152328,1152327,49.99997830477881,3551,3551,3145,242,2903,0.24615384615384617,0.5569620253164557,44.1958041958042,OK,
AD,spatial,0.5,4,1152328,1152327,49.99997830477881,3551,3551,3145,156,2989,0.7733333333333333,0.8941176470588236,86.49122807017542,OK,
ADT,spatial,0.5,4,1152328,1152327,49.99997830477881,3551,3551,3145,157,2988,0.22727272727272727,0.5172413793103449,43.93939393939394,OK,
VC,spatial,1.0,0,2304655,2304655,100.0,3551,3551,3166,-1,-1,0.6064505612959067,0.6064505612959067,100.0,OK,
FD,spatial,1.0,0,2304655,2304655,100.0,3551,3551,3166,244,2922,0.5185185185185185,0.5185185185185185,100.0,OK,
AD,spatial,1.0,0,2304655,2304655,100.0,3551,3551,3166,159,3007,0.891566265060241,0.891566265060241,100.0,OK,
ADT,spatial,1.0,0,2304655,2304655,100.0,3551,3551,3166,161,3005,0.5,0.5,100.0,OK,
VC,spatial,1.0,1,2304655,2304655,100.0,3551,3551,3166,-1,-1,0.5875652469691118,0.5875652469691118,100.0,OK,
FD,spatial,1.0,1,2304655,2304655,100.0,3551,3551,3166,244,2922,0.5569620253164557,0.5569620253164557,100.0,OK,
AD,spatial,1.0,1,2304655,2304655,100.0,3551,3551,3166,159,3007,0.9156626506024096,0.9156626506024096,100.00000000000001,OK,
ADT,spatial,1.0,1,2304655,2304655,100.0,3551,3551,3166,161,3005,0.5263157894736842,0.5263157894736842,100.0,OK,
VC,spatial,1.0,2,2304655,2304655,100.0,3551,3551,3166,-1,-1,0.5934336196411767,0.5934336196411767,100.0,OK,
FD,spatial,1.0,2,2304655,2304655,100.0,3551,3551,3166,244,2922,0.5641025641025641,0.5641025641025641,100.0,OK,
AD,spatial,1.0,2,2304655,2304655,100.0,3551,3551,3166,159,3007,0.8941176470588236,0.8941176470588236,100.0,OK,
ADT,spatial,1.0,2,2304655,2304655,100.0,3551,3551,3166,161,3005,0.5263157894736842,0.5263157894736842,100.0,OK,
VC,spatial,1.0,3,2304655,2304655,100.0,3551,3551,3166,-1,-1,0.5873604360636212,0.5873604360636212,100.0,OK,
FD,spatial,1.0,3,2304655,2304655,100.0,3551,3551,3166,244,2922,0.55,0.55,100.0,OK,
AD,spatial,1.0,3,2304655,2304655,100.0,3551,3551,3166,159,3007,0.8941176470588236,0.8941176470588236,100.0,OK,
ADT,spatial,1.0,3,2304655,2304655,100.0,3551,3551,3166,161,3005,0.509090909090909,0.509090909090909,100.0,OK,
VC,spatial,1.0,4,2304655,2304655,100.0,3551,3551,3166,-1,-1,0.5910764760480112,0.5910764760480112,100.0,OK,
FD,spatial,1.0,4,2304655,2304655,100.0,3551,3551,3166,244,2922,0.5569620253164557,0.5569620253164557,100.0,OK,
AD,spatial,1.0,4,2304655,2304655,100.0,3551,3551,3166,159,3007,0.8941176470588236,0.8941176470588236,100.0,OK,
ADT,spatial,1.0,4,2304655,2304655,100.0,3551,3551,3166,161,3005,0.5172413793103449,0.5172413793103449,100.0,OK,
VC,importance,0.01,0,23047,23046,0.999976135256687,3551,3228,2164,-1,-1,0.11601466638860414,0.6064505612959067,19.13011114058428,OK,
FD,importance,0.01,0,23047,23046,0.999976135256687,3551,3228,2164,222,1942,0.1456953642384106,0.5185185185185185,28.098391674550616,OK,
AD,importance,0.01,0,23047,23046,0.999976135256687,3551,3228,2164,44,2120,0.5806451612903226,0.891566265060241,65.12641673931998,OK,
ADT,importance,0.01,0,23047,23046,0.999976135256687,3551,3228,2164,51,2113,0.0,0.5,0.0,OK,
VC,importance,0.01,1,23047,23046,0.999976135256687,3551,3208,2189,-1,-1,0.10499035784507171,0.5875652469691118,17.868714731964232,OK,
FD,importance,0.01,1,23047,23046,0.999976135256687,3551,3208,2189,218,1971,0.13662790697674418,0.5569620253164557,24.530919661733613,OK,
AD,importance,0.01,1,23047,23046,0.999976135256687,3551,3208,2189,48,2141,0.5333333333333333,0.9156626506024096,58.245614035087726,OK,
ADT,importance,0.01,1,23047,23046,0.999976135256687,3551,3208,2189,56,2133,0.0,0.5263157894736842,0.0,OK,
VC,importance,0.01,2,23047,23046,0.999976135256687,3551,3198,2176,-1,-1,0.09078201735252892,0.5934336196411767,15.297754348232043,OK,
FD,importance,0.01,2,23047,23046,0.999976135256687,3551,3198,2176,220,1956,0.12583668005354753,0.5641025641025641,22.30741146403797,OK,
AD,importance,0.01,2,23047,23046,0.999976135256687,3551,3198,2176,42,2134,0.5573770491803278,0.8941176470588236,62.338222605694554,OK,
ADT,importance,0.01,2,23047,23046,0.999976135256687,3551,3198,2176,51,2125,0.0,0.5263157894736842,0.0,OK,
VC,importance,0.01,3,23047,23046,0.999976135256687,3551,3203,2203,-1,-1,0.11771801264058215,0.5873604360636212,20.04186959365293,OK,
FD,importance,0.01,3,23047,23046,0.999976135256687,3551,3203,2203,219,1984,0.1523809523809524,0.55,27.705627705627705,OK,
AD,importance,0.01,3,23047,23046,0.999976135256687,3551,3203,2203,46,2157,0.5333333333333333,0.8941176470588236,59.64912280701754,OK,
ADT,importance,0.01,3,23047,23046,0.999976135256687,3551,3203,2203,60,2143,0.0,0.509090909090909,0.0,OK,
VC,importance,0.01,4,23047,23046,0.999976135256687,3551,3228,2181,-1,-1,0.13747802152610228,0.5910764760480112,23.258922846209735,OK,
FD,importance,0.01,4,23047,23046,0.999976135256687,3551,3228,2181,211,1970,0.14625228519195613,0.5569620253164557,26.258933023101214,OK,
AD,importance,0.01,4,23047,23046,0.999976135256687,3551,3228,2181,47,2134,0.5245901639344263,0.8941176470588236,58.671268334771355,OK,
ADT,importance,0.01,4,23047,23046,0.999976135256687,3551,3228,2181,58,2123,0.0,0.5172413793103449,0.0,OK,
VC,importance,0.05,0,115233,115232,4.99996745716821,3551,3513,2923,-1,-1,0.09532206768493004,0.6064505612959067,15.718027778099351,OK,
FD,importance,0.05,0,115233,115232,4.99996745716821,3551,3513,2923,238,2685,0.13900709219858157,0.5185185185185185,26.808510638297875,OK,
AD,importance,0.05,0,115233,115232,4.99996745716821,3551,3513,2923,102,2821,0.625,0.891566265060241,70.10135135135135,OK,
ADT,importance,0.05,0,115233,115232,4.99996745716821,3551,3513,2923,109,2814,0.19607843137254902,0.5,39.21568627450981,OK,
VC,importance,0.05,1,115233,115232,4.99996745716821,3551,3509,2936,-1,-1,0.09310890460374341,0.5875652469691118,15.846564289504023,OK,
FD,importance,0.05,1,115233,115232,4.99996745716821,3551,3509,2936,241,2695,0.129973474801061,0.5569620253164557,23.33614661200868,OK,
AD,importance,0.05,1,115233,115232,4.99996745716821,3551,3509,2936,107,2829,0.6956521739130435,0.9156626506024096,75.97254004576659,OK,
ADT,importance,0.05,1,115233,115232,4.99996745716821,3551,3509,2936,110,2826,0.14285714285714285,0.5263157894736842,27.142857142857142,OK,
VC,importance,0.05,2,115233,115232,4.99996745716821,3551,3508,2926,-1,-1,0.08926690371149534,0.5934336196411767,15.042441270090348,OK,
FD,importance,0.05,2,115233,115232,4.99996745716821,3551,3508,2926,241,2685,0.13123359580052493,0.5641025641025641,23.264137437365786,OK,
AD,importance,0.05,2,115233,115232,4.99996745716821,3551,3508,2926,109,2817,0.6865671641791045,0.8941176470588236,76.7871170463472,OK,
ADT,importance,0.05,2,115233,115232,4.99996745716821,3551,3508,2926,113,2813,0.25,0.5263157894736842,47.5,OK,
VC,importance,0.05,3,115233,115232,4.99996745716821,3551,3511,2939,-1,-1,0.08162767723940548,0.5873604360636212,13.897374121154424,OK,
FD,importance,0.05,3,115233,115232,4.99996745716821,3551,3511,2939,240,2699,0.1301460823373174,0.55,23.662924061330433,OK,
AD,importance,0.05,3,115233,115232,4.99996745716821,3551,3511,2939,112,2827,0.625,0.8941176470588236,69.90131578947368,OK,
ADT,importance,0.05,3,115233,115232,4.99996745716821,3551,3511,2939,120,2819,0.2127659574468085,0.509090909090909,41.79331306990882,OK,
VC,importance,0.05,4,115233,115232,4.99996745716821,3551,3517,2934,-1,-1,0.09652751090509996,0.5910764760480112,16.330798943394147,OK,
FD,importance,0.05,4,115233,115232,4.99996745716821,3551,3517,2934,241,2693,0.13136729222520108,0.5569620253164557,23.586400194979287,OK,
AD,importance,0.05,4,115233,115232,4.99996745716821,3551,3517,2934,113,2821,0.6031746031746031,0.8941176470588236,67.46031746031746,OK,
ADT,importance,0.05,4,115233,115232,4.99996745716821,3551,3517,2934,117,2817,0.09302325581395349,0.5172413793103449,17.984496124031008,OK,
VC,importance,0.1,0,230466,230464,9.99993491433642,3551,3542,3036,-1,-1,0.11169463385635937,0.6064505612959067,18.41776411545936,OK,
FD,importance,0.1,0,230466,230464,9.99993491433642,3551,3542,3036,240,2796,0.13386880856760375,0.5185185185185185,25.817555938037867,OK,
AD,importance,0.1,0,230466,230464,9.99993491433642,3551,3542,3036,126,2910,0.7246376811594203,0.891566265060241,81.27692910301606,OK,
ADT,importance,0.1,0,230466,230464,9.99993491433642,3551,3542,3036,131,2905,0.13043478260869565,0.5,26.08695652173913,OK,
VC,importance,0.1,1,230466,230464,9.99993491433642,3551,3545,3043,-1,-1,0.1060027773078851,0.5875652469691118,18.04102231278795,OK,
FD,importance,0.1,1,230466,230464,9.99993491433642,3551,3545,3043,242,2801,0.13031914893617022,0.5569620253164557,23.398210831721475,OK,
AD,importance,0.1,1,230466,230464,9.99993491433642,3551,3545,3043,128,2915,0.7058823529411765,0.9156626506024096,77.08978328173376,OK,
ADT,importance,0.1,1,230466,230464,9.99993491433642,3551,3545,3043,129,2914,0.21739130434782608,0.5263157894736842,41.30434782608696,OK,
VC,importance,0.1,2,230466,230464,9.99993491433642,3551,3534,3046,-1,-1,0.0989256915861744,0.5934336196411767,16.67005176518149,OK,
FD,importance,0.1,2,230466,230464,9.99993491433642,3551,3534,3046,242,2804,0.13136729222520108,0.5641025641025641,23.28783816719474,OK,
AD,importance,0.1,2,230466,230464,9.99993491433642,3551,3534,3046,129,2917,0.625,0.8941176470588236,69.90131578947368,OK,
ADT,importance,0.1,2,230466,230464,9.99993491433642,3551,3534,3046,130,2916,0.17777777777777778,0.5263157894736842,33.77777777777778,OK,
VC,importance,0.1,3,230466,230464,9.99993491433642,3551,3537,3028,-1,-1,0.09439767747164145,0.5873604360636212,16.07150765963688,OK,
FD,importance,0.1,3,230466,230464,9.99993491433642,3551,3537,3028,240,2788,0.13297872340425532,0.55,24.1779497098646,OK,
AD,importance,0.1,3,230466,230464,9.99993491433642,3551,3537,3028,132,2896,0.7246376811594203,0.8941176470588236,81.04500381388253,OK,
ADT,importance,0.1,3,230466,230464,9.99993491433642,3551,3537,3028,134,2894,0.20833333333333334,0.509090909090909,40.92261904761906,OK,
VC,importance,0.1,4,230466,230464,9.99993491433642,3551,3545,3039,-1,-1,0.11103404387714992,0.5910764760480112,18.78505546685485,OK,
FD,importance,0.1,4,230466,230464,9.99993491433642,3551,3545,3039,242,2797,0.1364256480218281,0.5569620253164557,24.494604985737322,OK,
AD,importance,0.1,4,230466,230464,9.99993491433642,3551,3545,3039,133,2906,0.6031746031746031,0.8941176470588236,67.46031746031746,OK,
ADT,importance,0.1,4,230466,230464,9.99993491433642,3551,3545,3039,134,2905,0.21739130434782608,0.5172413793103449,42.028985507246375,OK,
VC,importance,0.25,0,576164,576163,24.99996745716821,3551,3550,3117,-1,-1,0.1589347812849908,0.6064505612959067,26.207376401032207,OK,
FD,importance,0.25,0,576164,576163,24.99996745716821,3551,3550,3117,242,2875,0.1372854914196568,0.5185185185185185,26.47648763093381,OK,
AD,importance,0.25,0,576164,576163,24.99996745716821,3551,3550,3117,148,2969,0.7945205479452054,0.891566265060241,89.11514253980008,OK,
ADT,importance,0.25,0,576164,576163,24.99996745716821,3551,3550,3117,151,2966,0.20408163265306123,0.5,40.816326530612244,OK,
VC,importance,0.25,1,576164,576163,24.99996745716821,3551,3549,3129,-1,-1,0.18188343577429333,0.5875652469691118,30.9554448144301,OK,
FD,importance,0.25,1,576164,576163,24.99996745716821,3551,3549,3129,244,2885,0.14465408805031446,0.5569620253164557,25.971983990851914,OK,
AD,importance,0.25,1,576164,576163,24.99996745716821,3551,3549,3129,150,2978,0.7777777777777778,0.9156626506024096,84.94152046783627,OK,
ADT,importance,0.25,1,576164,576163,24.99996745716821,3551,3549,3129,151,2977,0.1702127659574468,0.5263157894736842,32.340425531914896,OK,
VC,importance,0.25,2,576164,576163,24.99996745716821,3551,3549,3123,-1,-1,0.168866163264426,0.5934336196411767,28.455779665218827,OK,
FD,importance,0.25,2,576164,576163,24.99996745716821,3551,3549,3123,244,2879,0.14263565891472868,0.5641025641025641,25.28541226215645,OK,
AD,importance,0.25,2,576164,576163,24.99996745716821,3551,3549,3123,152,2971,0.7777777777777778,0.8941176470588236,86.98830409356725,OK,
ADT,importance,0.25,2,576164,576163,24.99996745716821,3551,3549,3123,151,2972,0.21739130434782608,0.5263157894736842,41.30434782608696,OK,
VC,importance,0.25,3,576164,576163,24.99996745716821,3551,3550,3124,-1,-1,0.16268006054569237,0.5873604360636212,27.696802603175563,OK,
FD,importance,0.25,3,576164,576163,24.99996745716821,3551,3550,3124,244,2880,0.14018691588785046,0.55,25.488530161427356,OK,
AD,importance,0.25,3,576164,576163,24.99996745716821,3551,3550,3124,152,2972,0.8108108108108109,0.8941176470588236,90.6827880512091,OK,
ADT,importance,0.25,3,576164,576163,24.99996745716821,3551,3550,3124,151,2973,0.2127659574468085,0.509090909090909,41.79331306990882,OK,
VC,importance,0.25,4,576164,576163,24.99996745716821,3551,3551,3121,-1,-1,0.1703517333659095,0.5910764760480112,28.82059095041238,OK,
FD,importance,0.25,4,576164,576163,24.99996745716821,3551,3551,3121,243,2878,0.14580031695721077,0.5569620253164557,26.177784180953754,OK,
AD,importance,0.25,4,576164,576163,24.99996745716821,3551,3551,3121,152,2969,0.7428571428571429,0.8941176470588236,83.0827067669173,OK,
ADT,importance,0.25,4,576164,576163,24.99996745716821,3551,3551,3121,150,2971,0.24,0.5172413793103449,46.4,OK,
VC,importance,0.5,0,1152328,996391,43.23384628067976,3551,3551,3149,-1,-1,0.27644912785497183,0.6064505612959067,45.584775659904686,OK,
FD,importance,0.5,0,1152328,996391,43.23384628067976,3551,3551,3149,244,2905,0.17560975609756097,0.5185185185185185,33.86759581881533,OK,
AD,importance,0.5,0,1152328,996391,43.23384628067976,3551,3551,3149,157,2992,0.8311688311688312,0.891566265060241,93.22569322569322,OK,
ADT,importance,0.5,0,1152328,996391,43.23384628067976,3551,3551,3149,158,2991,0.32,0.5,64.0,OK,
VC,importance,0.5,1,1152328,996391,43.23384628067976,3551,3550,3151,-1,-1,0.2649024857936481,0.5875652469691118,45.08477776044742,OK,
FD,importance,0.5,1,1152328,996391,43.23384628067976,3551,3550,3151,244,2907,0.17866004962779156,0.5569620253164557,32.0775998195353,OK,
AD,importance,0.5,1,1152328,996391,43.23384628067976,3551,3550,3151,156,2993,0.810126582278481,0.9156626506024096,88.47435043304465,OK,
ADT,importance,0.5,1,1152328,996391,43.23384628067976,3551,3550,3151,158,2991,0.35294117647058826,0.5263157894736842,67.05882352941177,OK,
VC,importance,0.5,2,1152328,996391,43.23384628067976,3551,3550,3145,-1,-1,0.2744909753404231,0.5934336196411767,46.254705877027284,OK,
FD,importance,0.5,2,1152328,996391,43.23384628067976,3551,3550,3145,244,2901,0.18269230769230768,0.5641025641025641,32.38636363636363,OK,
AD,importance,0.5,2,1152328,996391,43.23384628067976,3551,3550,3145,156,2989,0.875,0.8941176470588236,97.86184210526315,OK,
ADT,importance,0.5,2,1152328,996391,43.23384628067976,3551,3550,3145,155,2990,0.2916666666666667,0.5263157894736842,55.41666666666667,OK,
VC,importance,0.5,3,1152328,996391,43.23384628067976,3551,3551,3149,-1,-1,0.28003421828500336,0.5873604360636212,47.67672473170645,OK,
FD,importance,0.5,3,1152328,996391,43.23384628067976,3551,3551,3149,244,2905,0.16990291262135923,0.55,30.89143865842895,OK,
AD,importance,0.5,3,1152328,996391,43.23384628067976,3551,3551,3149,158,2991,0.7733333333333333,0.8941176470588236,86.49122807017542,OK,
ADT,importance,0.5,3,1152328,996391,43.23384628067976,3551,3551,3149,158,2991,0.2553191489361702,0.509090909090909,50.15197568389058,OK,
VC,importance,0.5,4,1152328,996391,43.23384628067976,3551,3551,3151,-1,-1,0.27843550596342104,0.5910764760480112,47.10651112780957,OK,
FD,importance,0.5,4,1152328,996391,43.23384628067976,3551,3551,3151,244,2907,0.16748768472906403,0.5569620253164557,30.071652485445586,OK,
AD,importance,0.5,4,1152328,996391,43.23384628067976,3551,3551,3151,157,2994,0.8205128205128205,0.8941176470588236,91.76788124156543,OK,
ADT,importance,0.5,4,1152328,996391,43.23384628067976,3551,3551,3151,158,2993,0.32,0.5172413793103449,61.86666666666666,OK,
VC,importance,1.0,0,2304655,2304655,100.0,3551,3551,3166,-1,-1,0.6064505612959067,0.6064505612959067,100.0,OK,
FD,importance,1.0,0,2304655,2304655,100.0,3551,3551,3166,244,2922,0.5185185185185185,0.5185185185185185,100.0,OK,
AD,importance,1.0,0,2304655,2304655,100.0,3551,3551,3166,159,3007,0.891566265060241,0.891566265060241,100.0,OK,
ADT,importance,1.0,0,2304655,2304655,100.0,3551,3551,3166,161,3005,0.5,0.5,100.0,OK,
VC,importance,1.0,1,2304655,2304655,100.0,3551,3551,3166,-1,-1,0.5875652469691118,0.5875652469691118,100.0,OK,
FD,importance,1.0,1,2304655,2304655,100.0,3551,3551,3166,244,2922,0.5569620253164557,0.5569620253164557,100.0,OK,
AD,importance,1.0,1,2304655,2304655,100.0,3551,3551,3166,159,3007,0.9156626506024096,0.9156626506024096,100.00000000000001,OK,
ADT,importance,1.0,1,2304655,2304655,100.0,3551,3551,3166,161,3005,0.5263157894736842,0.5263157894736842,100.0,OK,
VC,importance,1.0,2,2304655,2304655,100.0,3551,3551,3166,-1,-1,0.5934336196411767,0.5934336196411767,100.0,OK,
FD,importance,1.0,2,2304655,2304655,100.0,3551,3551,3166,244,2922,0.5641025641025641,0.5641025641025641,100.0,OK,
AD,importance,1.0,2,2304655,2304655,100.0,3551,3551,3166,159,3007,0.8941176470588236,0.8941176470588236,100.0,OK,
ADT,importance,1.0,2,2304655,2304655,100.0,3551,3551,3166,161,3005,0.5263157894736842,0.5263157894736842,100.0,OK,
VC,importance,1.0,3,2304655,2304655,100.0,3551,3551,3166,-1,-1,0.5873604360636212,0.5873604360636212,100.0,OK,
FD,importance,1.0,3,2304655,2304655,100.0,3551,3551,3166,244,2922,0.55,0.55,100.0,OK,
AD,importance,1.0,3,2304655,2304655,100.0,3551,3551,3166,159,3007,0.8941176470588236,0.8941176470588236,100.0,OK,
ADT,importance,1.0,3,2304655,2304655,100.0,3551,3551,3166,161,3005,0.509090909090909,0.509090909090909,100.0,OK,
VC,importance,1.0,4,2304655,2304655,100.0,3551,3551,3166,-1,-1,0.5910764760480112,0.5910764760480112,100.0,OK,
FD,importance,1.0,4,2304655,2304655,100.0,3551,3551,3166,244,2922,0.5569620253164557,0.5569620253164557,100.0,OK,
AD,importance,1.0,4,2304655,2304655,100.0,3551,3551,3166,159,3007,0.8941176470588236,0.8941176470588236,100.0,OK,
ADT,importance,1.0,4,2304655,2304655,100.0,3551,3551,3166,161,3005,0.5172413793103449,0.5172413793103449,100.0,OK,
VC,adaptive,0.01,0,23047,23046,0.999976135256687,3551,2349,1843,-1,-1,0.3887848587571833,0.6064505612959067,64.10825276942612,OK,
FD,adaptive,0.01,0,23047,23046,0.999976135256687,3551,2349,1843,151,1692,0.26865671641791045,0.5185185185185185,51.81236673773988,OK,
AD,adaptive,0.01,0,23047,23046,0.999976135256687,3551,2349,1843,38,1805,0.0,0.891566265060241,0.0,OK,
ADT,adaptive,0.01,0,23047,23046,0.999976135256687,3551,2349,1843,59,1784,0.0,0.5,0.0,OK,
VC,adaptive,0.01,1,23047,23046,0.999976135256687,3551,2363,1834,-1,-1,0.3974049012389121,0.5875652469691118,67.63587589444403,OK,
FD,adaptive,0.01,1,23047,23046,0.999976135256687,3551,2363,1834,151,1683,0.3188405797101449,0.5569620253164557,57.246376811594196,OK,
AD,adaptive,0.01,1,23047,23046,0.999976135256687,3551,2363,1834,38,1796,0.08888888888888889,0.9156626506024096,9.707602339181287,OK,
ADT,adaptive,0.01,1,23047,23046,0.999976135256687,3551,2363,1834,65,1769,0.09302325581395349,0.5263157894736842,17.674418604651166,OK,
VC,adaptive,0.01,2,23047,23046,0.999976135256687,3551,2408,1823,-1,-1,0.4199858477891087,0.5934336196411767,70.77216960560067,OK,
FD,adaptive,0.01,2,23047,23046,0.999976135256687,3551,2408,1823,147,1676,0.3953488372093023,0.5641025641025641,70.0845665961945,OK,
AD,adaptive,0.01,2,23047,23046,0.999976135256687,3551,2408,1823,36,1787,0.08888888888888889,0.8941176470588236,9.941520467836257,OK,
ADT,adaptive,0.01,2,23047,23046,0.999976135256687,3551,2408,1823,56,1767,0.04878048780487805,0.5263157894736842,9.26829268292683,OK,
VC,adaptive,0.01,3,23047,23046,0.999976135256687,3551,2385,1832,-1,-1,0.41247535461011786,0.5873604360636212,70.22525340222944,OK,
FD,adaptive,0.01,3,23047,23046,0.999976135256687,3551,2385,1832,150,1682,0.36923076923076925,0.55,67.13286713286713,OK,
AD,adaptive,0.01,3,23047,23046,0.999976135256687,3551,2385,1832,38,1794,0.045454545454545456,0.8941176470588236,5.0837320574162685,OK,
ADT,adaptive,0.01,3,23047,23046,0.999976135256687,3551,2385,1832,57,1775,0.0,0.509090909090909,0.0,OK,
VC,adaptive,0.01,4,23047,23046,0.999976135256687,3551,2370,1822,-1,-1,0.38153024259305196,0.5910764760480112,64.54837200492167,OK,
FD,adaptive,0.01,4,23047,23046,0.999976135256687,3551,2370,1822,146,1676,0.43373493975903615,0.5569620253164557,77.87513691128149,OK,
AD,adaptive,0.01,4,23047,23046,0.999976135256687,3551,2370,1822,35,1787,0.42105263157894735,0.8941176470588236,47.09141274238227,OK,
ADT,adaptive,0.01,4,23047,23046,0.999976135256687,3551,2370,1822,60,1762,0.05,0.5172413793103449,9.666666666666666,OK,
VC,adaptive,0.05,0,115233,115232,4.99996745716821,3551,2725,2461,-1,-1,0.4052186536217638,0.6064505612959067,66.81808534497252,OK,
FD,adaptive,0.05,0,115233,115232,4.99996745716821,3551,2725,2461,190,2271,0.07692307692307693,0.5185185185185185,14.835164835164836,OK,
AD,adaptive,0.05,0,115233,115232,4.99996745716821,3551,2725,2461,98,2363,0.5208333333333334,0.891566265060241,58.417792792792795,OK,
ADT,adaptive,0.05,0,115233,115232,4.99996745716821,3551,2725,2461,121,2340,0.2608695652173913,0.5,52.17391304347826,OK,
VC,adaptive,0.05,1,115233,115232,4.99996745716821,3551,2734,2452,-1,-1,0.40742272423552056,0.5875652469691118,69.34084790364375,OK,
FD,adaptive,0.05,1,115233,115232,4.99996745716821,3551,2734,2452,189,2263,0.21875,0.5569620253164557,39.27556818181819,OK,
AD,adaptive,0.05,1,115233,115232,4.99996745716821,3551,2734,2452,94,2358,0.4918032786885246,0.9156626506024096,53.71009490940466,OK,
ADT,adaptive,0.05,1,115233,115232,4.99996745716821,3551,2734,2452,116,2336,0.22727272727272727,0.5263157894736842,43.18181818181818,OK,
VC,adaptive,0.05,2,115233,115232,4.99996745716821,3551,2741,2444,-1,-1,0.4100884442227394,0.5934336196411767,69.10434977895285,OK,
FD,adaptive,0.05,2,115233,115232,4.99996745716821,3551,2741,2444,189,2255,0.07692307692307693,0.5641025641025641,13.636363636363637,OK,
AD,adaptive,0.05,2,115233,115232,4.99996745716821,3551,2741,2444,95,2349,0.28,0.8941176470588236,31.315789473684212,OK,
ADT,adaptive,0.05,2,115233,115232,4.99996745716821,3551,2741,2444,116,2328,0.05,0.5263157894736842,9.5,OK,
VC,adaptive,0.05,3,115233,115232,4.99996745716821,3551,2725,2452,-1,-1,0.42409686366931715,0.5873604360636212,72.20385263119428,OK,
FD,adaptive,0.05,3,115233,115232,4.99996745716821,3551,2725,2452,189,2263,0.07692307692307693,0.55,13.986013986013985,OK,
AD,adaptive,0.05,3,115233,115232,4.99996745716821,3551,2725,2452,92,2360,0.3137254901960784,0.8941176470588236,35.08771929824561,OK,
ADT,adaptive,0.05,3,115233,115232,4.99996745716821,3551,2725,2452,114,2338,0.22727272727272727,0.509090909090909,44.642857142857146,OK,
VC,adaptive,0.05,4,115233,115232,4.99996745716821,3551,2725,2454,-1,-1,0.3943381219818116,0.5910764760480112,66.7152454820044,OK,
FD,adaptive,0.05,4,115233,115232,4.99996745716821,3551,2725,2454,191,2263,0.17543859649122806,0.5569620253164557,31.499202551834127,OK,
AD,adaptive,0.05,4,115233,115232,4.99996745716821,3551,2725,2454,92,2362,0.24489795918367346,0.8941176470588236,27.38990332975295,OK,
ADT,adaptive,0.05,4,115233,115232,4.99996745716821,3551,2725,2454,119,2335,0.09523809523809523,0.5172413793103449,18.41269841269841,OK,
VC,adaptive,0.1,0,230466,230465,9.999978304778807,3551,2822,2611,-1,-1,0.4291553869279987,0.6064505612959067,70.76510672377793,OK,
FD,adaptive,0.1,0,230466,230465,9.999978304778807,3551,2822,2611,205,2406,0.2,0.5185185185185185,38.57142857142858,OK,
AD,adaptive,0.1,0,230466,230465,9.999978304778807,3551,2822,2611,111,2500,0.7058823529411765,0.891566265060241,79.17329093799682,OK,
ADT,adaptive,0.1,0,230466,230465,9.999978304778807,3551,2822,2611,131,2480,0.0975609756097561,0.5,19.51219512195122,OK,
VC,adaptive,0.1,1,230466,230465,9.999978304778807,3551,2832,2609,-1,-1,0.42326567228820855,0.5875652469691118,72.03722045706007,OK,
FD,adaptive,0.1,1,230466,230465,9.999978304778807,3551,2832,2609,205,2404,0.13559322033898305,0.5569620253164557,24.345146379044685,OK,
AD,adaptive,0.1,1,230466,230465,9.999978304778807,3551,2832,2609,104,2505,0.684931506849315,0.9156626506024096,74.80173035328046,OK,
ADT,adaptive,0.1,1,230466,230465,9.999978304778807,3551,2832,2609,129,2480,0.18181818181818182,0.5263157894736842,34.545454545454554,OK,
VC,adaptive,0.1,2,230466,230465,9.999978304778807,3551,2837,2617,-1,-1,0.41411638122952166,0.5934336196411767,69.78310084284064,OK,
FD,adaptive,0.1,2,230466,230465,9.999978304778807,3551,2837,2617,206,2411,0.17543859649122806,0.5641025641025641,31.100478468899517,OK,
AD,adaptive,0.1,2,230466,230465,9.999978304778807,3551,2837,2617,107,2510,0.6865671641791045,0.8941176470588236,76.7871170463472,OK,
ADT,adaptive,0.1,2,230466,230465,9.999978304778807,3551,2837,2617,132,2485,0.26666666666666666,0.5263157894736842,50.66666666666667,OK,
VC,adaptive,0.1,3,230466,230465,9.999978304778807,3551,2830,2615,-1,-1,0.4578771401495731,0.5873604360636212,77.95505315580655,OK,
FD,adaptive,0.1,3,230466,230465,9.999978304778807,3551,2830,2615,204,2411,0.07547169811320754,0.55,13.722126929674099,OK,
AD,adaptive,0.1,3,230466,230465,9.999978304778807,3551,2830,2615,104,2511,0.4074074074074074,0.8941176470588236,45.56530214424951,OK,
ADT,adaptive,0.1,3,230466,230465,9.999978304778807,3551,2830,2615,130,2485,0.3673469387755102,0.509090909090909,72.15743440233237,OK,
VC,adaptive,0.1,4,230466,230465,9.999978304778807,3551,2826,2612,-1,-1,0.4386988130750486,0.5910764760480112,74.22031342005474,OK,
FD,adaptive,0.1,4,230466,230465,9.999978304778807,3551,2826,2612,203,2409,0.28125,0.5569620253164557,50.49715909090909,OK,
AD,adaptive,0.1,4,230466,230465,9.999978304778807,3551,2826,2612,109,2503,0.7428571428571429,0.8941176470588236,83.0827067669173,OK,
ADT,adaptive,0.1,4,230466,230465,9.999978304778807,3551,2826,2612,129,2483,0.1702127659574468,0.5172413793103449,32.90780141843971,OK,
VC,adaptive,0.25,0,576164,576163,24.99996745716821,3551,2924,2763,-1,-1,0.5109519875752558,0.6064505612959067,84.25286745277593,OK,
FD,adaptive,0.25,0,576164,576163,24.99996745716821,3551,2924,2763,213,2550,0.33766233766233766,0.5185185185185185,65.12059369202227,OK,
AD,adaptive,0.25,0,576164,576163,24.99996745716821,3551,2924,2763,130,2633,0.8266666666666667,0.891566265060241,92.72072072072073,OK,
ADT,adaptive,0.25,0,576164,576163,24.99996745716821,3551,2924,2763,148,2615,0.2608695652173913,0.5,52.17391304347826,OK,
VC,adaptive,0.25,1,576164,576163,24.99996745716821,3551,2917,2771,-1,-1,0.47722711983259414,0.5875652469691118,81.22112774612108,OK,
FD,adaptive,0.25,1,576164,576163,24.99996745716821,3551,2917,2771,213,2558,0.2535211267605634,0.5569620253164557,45.51856594110115,OK,
AD,adaptive,0.25,1,576164,576163,24.99996745716821,3551,2917,2771,132,2639,0.8157894736842105,0.9156626506024096,89.09279778393352,OK,
ADT,adaptive,0.25,1,576164,576163,24.99996745716821,3551,2917,2771,144,2627,0.21739130434782608,0.5263157894736842,41.30434782608696,OK,
VC,adaptive,0.25,2,576164,576163,24.99996745716821,3551,2922,2776,-1,-1,0.4916417836038319,0.5934336196411767,82.84697181482676,OK,
FD,adaptive,0.25,2,576164,576163,24.99996745716821,3551,2922,2776,213,2563,0.29850746268656714,0.5641025641025641,52.91723202170963,OK,
AD,adaptive,0.25,2,576164,576163,24.99996745716821,3551,2922,2776,131,2645,0.8266666666666667,0.8941176470588236,92.45614035087719,OK,
ADT,adaptive,0.25,2,576164,576163,24.99996745716821,3551,2922,2776,148,2628,0.2978723404255319,0.5263157894736842,56.59574468085106,OK,
VC,adaptive,0.25,3,576164,576163,24.99996745716821,3551,2922,2772,-1,-1,0.5088680593656888,0.5873604360636212,86.63642086212454,OK,
FD,adaptive,0.25,3,576164,576163,24.99996745716821,3551,2922,2772,215,2557,0.36619718309859156,0.55,66.58130601792574,OK,
AD,adaptive,0.25,3,576164,576163,24.99996745716821,3551,2922,2772,127,2645,0.8717948717948718,0.8941176470588236,97.50337381916329,OK,
ADT,adaptive,0.25,3,576164,576163,24.99996745716821,3551,2922,2772,146,2626,0.32653061224489793,0.509090909090909,64.1399416909621,OK,
VC,adaptive,0.25,4,576164,576163,24.99996745716821,3551,2912,2766,-1,-1,0.5106195017993903,0.5910764760480112,86.3880601734376,OK,
FD,adaptive,0.25,4,576164,576163,24.99996745716821,3551,2912,2766,214,2552,0.3333333333333333,0.5569620253164557,59.848484848484844,OK,
AD,adaptive,0.25,4,576164,576163,24.99996745716821,3551,2912,2766,130,2636,0.8571428571428571,0.8941176470588236,95.86466165413533,OK,
ADT,adaptive,0.25,4,576164,576163,24.99996745716821,3551,2912,2766,148,2618,0.32653061224489793,0.5172413793103449,63.12925170068027,OK,
VC,adaptive,0.5,0,1152328,1152327,49.99997830477881,3551,3551,3160,-1,-1,0.5319853828190325,0.6064505612959067,87.72114608687117,OK,
FD,adaptive,0.5,0,1152328,1152327,49.99997830477881,3551,3551,3160,240,2920,0.48,0.5185185185185185,92.57142857142858,OK,
AD,adaptive,0.5,0,1152328,1152327,49.99997830477881,3551,3551,3160,159,3001,0.8860759493670886,0.891566265060241,99.38419432090318,OK,
ADT,adaptive,0.5,0,1152328,1152327,49.99997830477881,3551,3551,3160,160,3000,0.48148148148148145,0.5,96.29629629629629,OK,
VC,adaptive,0.5,1,1152328,1152327,49.99997830477881,3551,3551,3158,-1,-1,0.54522270993123,0.5875652469691118,92.79355999077534,OK,
FD,adaptive,0.5,1,1152328,1152327,49.99997830477881,3551,3551,3158,241,2917,0.4266666666666667,0.5569620253164557,76.60606060606062,OK,
AD,adaptive,0.5,1,1152328,1152327,49.99997830477881,3551,3551,3158,159,2999,0.9135802469135802,0.9156626506024096,99.772579597141,OK,
ADT,adaptive,0.5,1,1152328,1152327,49.99997830477881,3551,3551,3158,160,2998,0.32653061224489793,0.5263157894736842,62.04081632653062,OK,
VC,adaptive,0.5,2,1152328,1152327,49.99997830477881,3551,3551,3161,-1,-1,0.525745193799184,0.5934336196411767,88.59376624416377,OK,
FD,adaptive,0.5,2,1152328,1152327,49.99997830477881,3551,3551,3161,241,2920,0.4444444444444444,0.5641025641025641,78.78787878787878,OK,
AD,adaptive,0.5,2,1152328,1152327,49.99997830477881,3551,3551,3161,159,3002,0.9,0.8941176470588236,100.6578947368421,OK,
ADT,adaptive,0.5,2,1152328,1152327,49.99997830477881,3551,3551,3161,161,3000,0.4528301886792453,0.5263157894736842,86.03773584905662,OK,
VC,adaptive,0.5,3,1152328,1152327,49.99997830477881,3551,3551,3158,-1,-1,0.542305716636558,0.5873604360636212,92.32928936633672,OK,
FD,adaptive,0.5,3,1152328,1152327,49.99997830477881,3551,3551,3158,241,2917,0.4657534246575342,0.55,84.68244084682439,OK,
AD,adaptive,0.5,3,1152328,1152327,49.99997830477881,3551,3551,3158,159,2999,0.9,0.8941176470588236,100.6578947368421,OK,
ADT,adaptive,0.5,3,1152328,1152327,49.99997830477881,3551,3551,3158,159,2999,0.35294117647058826,0.509090909090909,69.32773109243699,OK,
VC,adaptive,0.5,4,1152328,1152327,49.99997830477881,3551,3551,3160,-1,-1,0.5633618112107098,0.5910764760480112,95.31115414665054,OK,
FD,adaptive,0.5,4,1152328,1152327,49.99997830477881,3551,3551,3160,241,2919,0.4594594594594595,0.5569620253164557,82.4938574938575,OK,
AD,adaptive,0.5,4,1152328,1152327,49.99997830477881,3551,3551,3160,159,3001,0.9135802469135802,0.8941176470588236,102.17673814165042,OK,
ADT,adaptive,0.5,4,1152328,1152327,49.99997830477881,3551,3551,3160,160,3000,0.43137254901960786,0.5172413793103449,83.39869281045752,OK,
VC,adaptive,1.0,0,2304655,2304655,100.0,3551,3551,3166,-1,-1,0.6064505612959067,0.6064505612959067,100.0,OK,
FD,adaptive,1.0,0,2304655,2304655,100.0,3551,3551,3166,244,2922,0.5185185185185185,0.5185185185185185,100.0,OK,
AD,adaptive,1.0,0,2304655,2304655,100.0,3551,3551,3166,159,3007,0.891566265060241,0.891566265060241,100.0,OK,
ADT,adaptive,1.0,0,2304655,2304655,100.0,3551,3551,3166,161,3005,0.5,0.5,100.0,OK,
VC,adaptive,1.0,1,2304655,2304655,100.0,3551,3551,3166,-1,-1,0.5875652469691118,0.5875652469691118,100.0,OK,
FD,adaptive,1.0,1,2304655,2304655,100.0,3551,3551,3166,244,2922,0.5569620253164557,0.5569620253164557,100.0,OK,
AD,adaptive,1.0,1,2304655,2304655,100.0,3551,3551,3166,159,3007,0.9156626506024096,0.9156626506024096,100.00000000000001,OK,
ADT,adaptive,1.0,1,2304655,2304655,100.0,3551,3551,3166,161,3005,0.5263157894736842,0.5263157894736842,100.0,OK,
VC,adaptive,1.0,2,2304655,2304655,100.0,3551,3551,3166,-1,-1,0.5934336196411767,0.5934336196411767,100.0,OK,
FD,adaptive,1.0,2,2304655,2304655,100.0,3551,3551,3166,244,2922,0.5641025641025641,0.5641025641025641,100.0,OK,
AD,adaptive,1.0,2,2304655,2304655,100.0,3551,3551,3166,159,3007,0.8941176470588236,0.8941176470588236,100.0,OK,
ADT,adaptive,1.0,2,2304655,2304655,100.0,3551,3551,3166,161,3005,0.5263157894736842,0.5263157894736842,100.0,OK,
VC,adaptive,1.0,3,2304655,2304655,100.0,3551,3551,3166,-1,-1,0.5873604360636212,0.5873604360636212,100.0,OK,
FD,adaptive,1.0,3,2304655,2304655,100.0,3551,3551,3166,244,2922,0.55,0.55,100.0,OK,
AD,adaptive,1.0,3,2304655,2304655,100.0,3551,3551,3166,159,3007,0.8941176470588236,0.8941176470588236,100.0,OK,
ADT,adaptive,1.0,3,2304655,2304655,100.0,3551,3551,3166,161,3005,0.509090909090909,0.509090909090909,100.0,OK,
VC,adaptive,1.0,4,2304655,2304655,100.0,3551,3551,3166,-1,-1,0.5910764760480112,0.5910764760480112,100.0,OK,
FD,adaptive,1.0,4,2304655,2304655,100.0,3551,3551,3166,244,2922,0.5569620253164557,0.5569620253164557,100.0,OK,
AD,adaptive,1.0,4,2304655,2304655,100.0,3551,3551,3166,159,3007,0.8941176470588236,0.8941176470588236,100.0,OK,
ADT,adaptive,1.0,4,2304655,2304655,100.0,3551,3551,3166,161,3005,0.5172413793103449,0.5172413793103449,100.0,OK,
VC,temporal,0.01,0,23047,26210,1.137263494969963,3551,3551,2975,-1,-1,0.50647717660012,0.6064505612959067,83.51499840610974,OK,
FD,temporal,0.01,0,23047,26210,1.137263494969963,3551,3551,2975,227,2748,0.29508196721311475,0.5185185185185185,56.90866510538642,OK,
AD,temporal,0.01,0,23047,26210,1.137263494969963,3551,3551,2975,109,2860,0.625,0.891566265060241,70.10135135135135,OK,
ADT,temporal,0.01,0,23047,26210,1.137263494969963,3551,3551,2975,125,2844,0.04878048780487805,0.5,9.75609756097561,OK,
VC,temporal,0.01,1,23047,26210,1.137263494969963,3551,3551,2975,-1,-1,0.4703768321575321,0.5875652469691118,80.05525081408699,OK,
FD,temporal,0.01,1,23047,26210,1.137263494969963,3551,3551,2975,227,2748,0.21052631578947367,0.5569620253164557,37.79904306220096,OK,
AD,temporal,0.01,1,23047,26210,1.137263494969963,3551,3551,2975,109,2860,0.625,0.9156626506024096,68.25657894736842,OK,
ADT,temporal,0.01,1,23047,26210,1.137263494969963,3551,3551,2975,125,2844,0.047619047619047616,0.5263157894736842,9.047619047619047,OK,
VC,temporal,0.01,2,23047,26210,1.137263494969963,3551,3551,2975,-1,-1,0.4768208445224741,0.5934336196411767,80.34948286394471,OK,
FD,temporal,0.01,2,23047,26210,1.137263494969963,3551,3551,2975,227,2748,0.3492063492063492,0.5641025641025641,61.9047619047619,OK,
AD,temporal,0.01,2,23047,26210,1.137263494969963,3551,3551,2975,109,2860,0.6031746031746031,0.8941176470588236,67.46031746031746,OK,
ADT,temporal,0.01,2,23047,26210,1.137263494969963,3551,3551,2975,125,2844,0.05,0.5263157894736842,9.5,OK,
VC,temporal,0.01,3,23047,26210,1.137263494969963,3551,3551,2975,-1,-1,0.5054566976916562,0.5873604360636212,86.0556255847145,OK,
FD,temporal,0.01,3,23047,26210,1.137263494969963,3551,3551,2975,227,2748,0.32786885245901637,0.55,59.61251862891206,OK,
AD,temporal,0.01,3,23047,26210,1.137263494969963,3551,3551,2975,109,2860,0.625,0.8941176470588236,69.90131578947368,OK,
ADT,temporal,0.01,3,23047,26210,1.137263494969963,3551,3551,2975,125,2844,0.09302325581395349,0.509090909090909,18.272425249169437,OK,
VC,temporal,0.01,4,23047,26210,1.137263494969963,3551,3551,2975,-1,-1,0.478591310899753,0.5910764760480112,80.96943970764261,OK,
FD,temporal,0.01,4,23047,26210,1.137263494969963,3551,3551,2975,227,2748,0.27586206896551724,0.5569620253164557,49.52978056426332,OK,
AD,temporal,0.01,4,23047,26210,1.137263494969963,3551,3551,2975,109,2860,0.625,0.8941176470588236,69.90131578947368,OK,
ADT,temporal,0.01,4,23047,26210,1.137263494969963,3551,3551,2975,125,2844,0.05,0.5172413793103449,9.666666666666666,OK,
VC,temporal,0.05,0,115233,102303,4.438972427543385,3551,3551,3123,-1,-1,0.4751182777602593,0.6064505612959067,78.34410718410298,OK,
FD,temporal,0.05,0,115233,102303,4.438972427543385,3551,3551,3123,239,2884,0.31746031746031744,0.5185185185185185,61.224489795918366,OK,
AD,temporal,0.05,0,115233,102303,4.438972427543385,3551,3551,3123,147,2973,0.7945205479452054,0.891566265060241,89.11514253980008,OK,
ADT,temporal,0.05,0,115233,102303,4.438972427543385,3551,3551,3123,151,2969,0.1702127659574468,0.5,34.04255319148936,OK,
VC,temporal,0.05,1,115233,102303,4.438972427543385,3551,3551,3123,-1,-1,0.46344526998662666,0.5875652469691118,78.87554146152382,OK,
FD,temporal,0.05,1,115233,102303,4.438972427543385,3551,3551,3123,239,2884,0.26229508196721313,0.5569620253164557,47.09388971684054,OK,
AD,temporal,0.05,1,115233,102303,4.438972427543385,3551,3551,3123,147,2973,0.7945205479452054,0.9156626506024096,86.77000720980534,OK,
ADT,temporal,0.05,1,115233,102303,4.438972427543385,3551,3551,3123,151,2969,0.21739130434782608,0.5263157894736842,41.30434782608696,OK,
VC,temporal,0.05,2,115233,102303,4.438972427543385,3551,3551,3123,-1,-1,0.5029556932436255,0.5934336196411767,84.75348827519088,OK,
FD,temporal,0.05,2,115233,102303,4.438972427543385,3551,3551,3123,239,2884,0.31746031746031744,0.5641025641025641,56.277056277056275,OK,
AD,temporal,0.05,2,115233,102303,4.438972427543385,3551,3551,3123,147,2973,0.8421052631578947,0.8941176470588236,94.18282548476454,OK,
ADT,temporal,0.05,2,115233,102303,4.438972427543385,3551,3551,3123,151,2969,0.1702127659574468,0.5263157894736842,32.340425531914896,OK,
VC,temporal,0.05,3,115233,102303,4.438972427543385,3551,3551,3123,-1,-1,0.4826681408217401,0.5873604360636212,82.17580061341735,OK,
FD,temporal,0.05,3,115233,102303,4.438972427543385,3551,3551,3123,239,2884,0.23728813559322035,0.55,43.143297380585516,OK,
AD,temporal,0.05,3,115233,102303,4.438972427543385,3551,3551,3123,147,2973,0.7246376811594203,0.8941176470588236,81.04500381388253,OK,
ADT,temporal,0.05,3,115233,102303,4.438972427543385,3551,3551,3123,151,2969,0.2857142857142857,0.509090909090909,56.12244897959184,OK,
VC,temporal,0.05,4,115233,102303,4.438972427543385,3551,3551,3123,-1,-1,0.48728055570608,0.5910764760480112,82.43951086737206,OK,
FD,temporal,0.05,4,115233,102303,4.438972427543385,3551,3551,3123,239,2884,0.31746031746031744,0.5569620253164557,56.998556998557,OK,
AD,temporal,0.05,4,115233,102303,4.438972427543385,3551,3551,3123,147,2973,0.6865671641791045,0.8941176470588236,76.7871170463472,OK,
ADT,temporal,0.05,4,115233,102303,4.438972427543385,3551,3551,3123,151,2969,0.3076923076923077,0.5172413793103449,59.48717948717948,OK,
VC,temporal,0.1,0,230466,226603,9.832404416279227,3551,3551,3150,-1,-1,0.47389642894083855,0.6064505612959067,78.14263176345042,OK,
FD,temporal,0.1,0,230466,226603,9.832404416279227,3551,3551,3150,241,2909,0.31746031746031744,0.5185185185185185,61.224489795918366,OK,
AD,temporal,0.1,0,230466,226603,9.832404416279227,3551,3551,3150,154,2993,0.7945205479452054,0.891566265060241,89.11514253980008,OK,
ADT,temporal,0.1,0,230466,226603,9.832404416279227,3551,3551,3150,156,2991,0.43137254901960786,0.5,86.27450980392157,OK,
VC,temporal,0.1,1,230466,226603,9.832404416279227,3551,3551,3150,-1,-1,0.4979413972927168,0.5875652469691118,84.74657067641263,OK,
FD,temporal,0.1,1,230466,226603,9.832404416279227,3551,3551,3150,241,2909,0.2903225806451613,0.5569620253164557,52.126099706744874,OK,
AD,temporal,0.1,1,230466,226603,9.832404416279227,3551,3551,3150,154,2993,0.7246376811594203,0.9156626506024096,79.13806254767354,OK,
ADT,temporal,0.1,1,230466,226603,9.832404416279227,3551,3551,3150,156,2991,0.39215686274509803,0.5263157894736842,74.50980392156863,OK,
VC,temporal,0.1,2,230466,226603,9.832404416279227,3551,3551,3150,-1,-1,0.5071310250292774,0.5934336196411767,85.45707695764142,OK,
FD,temporal,0.1,2,230466,226603,9.832404416279227,3551,3551,3150,241,2909,0.2857142857142857,0.5641025641025641,50.649350649350644,OK,
AD,temporal,0.1,2,230466,226603,9.832404416279227,3551,3551,3150,154,2993,0.7058823529411765,0.8941176470588236,78.94736842105263,OK,
ADT,temporal,0.1,2,230466,226603,9.832404416279227,3551,3551,3150,156,2991,0.4,0.5263157894736842,76.0,OK,
VC,temporal,0.1,3,230466,226603,9.832404416279227,3551,3551,3150,-1,-1,0.5045088176028557,0.5873604360636212,85.89424595636345,OK,
FD,temporal,0.1,3,230466,226603,9.832404416279227,3551,3551,3150,241,2909,0.3125,0.55,56.81818181818181,OK,
AD,temporal,0.1,3,230466,226603,9.832404416279227,3551,3551,3150,154,2993,0.7605633802816901,0.8941176470588236,85.06300963676797,OK,
ADT,temporal,0.1,3,230466,226603,9.832404416279227,3551,3551,3150,156,2991,0.375,0.509090909090909,73.66071428571429,OK,
VC,temporal,0.1,4,230466,226603,9.832404416279227,3551,3551,3150,-1,-1,0.505229202100031,0.5910764760480112,85.47611393335046,OK,
FD,temporal,0.1,4,230466,226603,9.832404416279227,3551,3551,3150,241,2909,0.3225806451612903,0.5569620253164557,57.91788856304986,OK,
AD,temporal,0.1,4,230466,226603,9.832404416279227,3551,3551,3150,154,2993,0.7246376811594203,0.8941176470588236,81.04500381388253,OK,
ADT,temporal,0.1,4,230466,226603,9.832404416279227,3551,3551,3150,156,2991,0.46153846153846156,0.5172413793103449,89.23076923076923,OK,
VC,temporal,0.25,0,576164,610477,26.48886709724449,3551,3551,3163,-1,-1,0.5212382204950775,0.6064505612959067,85.94900454560693,OK,
FD,temporal,0.25,0,576164,610477,26.48886709724449,3551,3551,3163,243,2920,0.5066666666666667,0.5185185185185185,97.71428571428572,OK,
AD,temporal,0.25,0,576164,610477,26.48886709724449,3551,3551,3163,159,3002,0.7671232876712328,0.891566265060241,86.04220659015179,OK,
ADT,temporal,0.25,0,576164,610477,26.48886709724449,3551,3551,3163,160,3001,0.2978723404255319,0.5,59.57446808510638,OK,
VC,temporal,0.25,1,576164,610477,26.48886709724449,3551,3551,3163,-1,-1,0.49962704690334625,0.5875652469691118,85.03345789775949,OK,
FD,temporal,0.25,1,576164,610477,26.48886709724449,3551,3551,3163,243,2920,0.43478260869565216,0.5569620253164557,78.06324110671937,OK,
AD,temporal,0.25,1,576164,610477,26.48886709724449,3551,3551,3163,159,3002,0.8421052631578947,0.9156626506024096,91.96675900277008,OK,
ADT,temporal,0.25,1,576164,610477,26.48886709724449,3551,3551,3163,160,3001,0.3404255319148936,0.5263157894736842,64.68085106382979,OK,
VC,temporal,0.25,2,576164,610477,26.48886709724449,3551,3551,3163,-1,-1,0.5256610870200923,0.5934336196411767,88.5795933398476,OK,
FD,temporal,0.25,2,576164,610477,26.48886709724449,3551,3551,3163,243,2920,0.5128205128205128,0.5641025641025641,90.9090909090909,OK,
AD,temporal,0.25,2,576164,610477,26.48886709724449,3551,3551,3163,159,3002,0.8421052631578947,0.8941176470588236,94.18282548476454,OK,
ADT,temporal,0.25,2,576164,610477,26.48886709724449,3551,3551,3163,160,3001,0.3333333333333333,0.5263157894736842,63.33333333333333,OK,
VC,temporal,0.25,3,576164,610477,26.48886709724449,3551,3551,3163,-1,-1,0.5159049517564005,0.5873604360636212,87.83447438405932,OK,
FD,temporal,0.25,3,576164,610477,26.48886709724449,3551,3551,3163,243,2920,0.4166666666666667,0.55,75.75757575757576,OK,
AD,temporal,0.25,3,576164,610477,26.48886709724449,3551,3551,3163,159,3002,0.8108108108108109,0.8941176470588236,90.6827880512091,OK,
ADT,temporal,0.25,3,576164,610477,26.48886709724449,3551,3551,3163,160,3001,0.375,0.509090909090909,73.66071428571429,OK,
VC,temporal,0.25,4,576164,610477,26.48886709724449,3551,3551,3163,-1,-1,0.5210873237077596,0.5910764760480112,88.15903606785281,OK,
FD,temporal,0.25,4,576164,610477,26.48886709724449,3551,3551,3163,243,2920,0.45714285714285713,0.5569620253164557,82.07792207792208,OK,
AD,temporal,0.25,4,576164,610477,26.48886709724449,3551,3551,3163,159,3002,0.8311688311688312,0.8941176470588236,92.95967190704032,OK,
ADT,temporal,0.25,4,576164,610477,26.48886709724449,3551,3551,3163,160,3001,0.36,0.5172413793103449,69.6,OK,
VC,temporal,0.5,0,1152328,1275967,55.36477260153906,3551,3551,3165,-1,-1,0.5634447398496868,0.6064505612959067,92.90860225204145,OK,
FD,temporal,0.5,0,1152328,1275967,55.36477260153906,3551,3551,3165,244,2921,0.5194805194805194,0.5185185185185185,100.18552875695732,OK,
AD,temporal,0.5,0,1152328,1275967,55.36477260153906,3551,3551,3165,159,3005,0.9156626506024096,0.891566265060241,102.70270270270271,OK,
ADT,temporal,0.5,0,1152328,1275967,55.36477260153906,3551,3551,3165,160,3004,0.43137254901960786,0.5,86.27450980392157,OK,
VC,temporal,0.5,1,1152328,1275967,55.36477260153906,3551,3551,3165,-1,-1,0.5599730865762415,0.5875652469691118,95.30398359412824,OK,
FD,temporal,0.5,1,1152328,1275967,55.36477260153906,3551,3551,3165,244,2921,0.5066666666666667,0.5569620253164557,90.96969696969698,OK,
AD,temporal,0.5,1,1152328,1275967,55.36477260153906,3551,3551,3165,159,3005,0.9024390243902439,0.9156626506024096,98.55584082156612,OK,
ADT,temporal,0.5,1,1152328,1275967,55.36477260153906,3551,3551,3165,160,3004,0.4,0.5263157894736842,76.0,OK,
VC,temporal,0.5,2,1152328,1275967,55.36477260153906,3551,3551,3165,-1,-1,0.5793774743886824,0.5934336196411767,97.63138710257206,OK,
FD,temporal,0.5,2,1152328,1275967,55.36477260153906,3551,3551,3165,244,2921,0.48717948717948717,0.5641025641025641,86.36363636363636,OK,
AD,temporal,0.5,2,1152328,1275967,55.36477260153906,3551,3551,3165,159,3005,0.8888888888888888,0.8941176470588236,99.41520467836257,OK,
ADT,temporal,0.5,2,1152328,1275967,55.36477260153906,3551,3551,3165,160,3004,0.4,0.5263157894736842,76.0,OK,
VC,temporal,0.5,3,1152328,1275967,55.36477260153906,3551,3551,3165,-1,-1,0.5494608102487896,0.5873604360636212,93.54746702572822,OK,
FD,temporal,0.5,3,1152328,1275967,55.36477260153906,3551,3551,3165,244,2921,0.5128205128205128,0.55,93.24009324009323,OK,
AD,temporal,0.5,3,1152328,1275967,55.36477260153906,3551,3551,3165,159,3005,0.9047619047619048,0.8941176470588236,101.19047619047619,OK,
ADT,temporal,0.5,3,1152328,1275967,55.36477260153906,3551,3551,3165,160,3004,0.3673469387755102,0.509090909090909,72.15743440233237,OK,
VC,temporal,0.5,4,1152328,1275967,55.36477260153906,3551,3551,3165,-1,-1,0.5728574872800289,0.5910764760480112,96.91765964198136,OK,
FD,temporal,0.5,4,1152328,1275967,55.36477260153906,3551,3551,3165,244,2921,0.5454545454545454,0.5569620253164557,97.93388429752065,OK,
AD,temporal,0.5,4,1152328,1275967,55.36477260153906,3551,3551,3165,159,3005,0.9024390243902439,0.8941176470588236,100.93068035943517,OK,
ADT,temporal,0.5,4,1152328,1275967,55.36477260153906,3551,3551,3165,160,3004,0.49056603773584906,0.5172413793103449,94.84276729559747,OK,
VC,temporal,1.0,0,2304655,2304655,100.0,3551,3551,3166,-1,-1,0.6064505612959067,0.6064505612959067,100.0,OK,
FD,temporal,1.0,0,2304655,2304655,100.0,3551,3551,3166,244,2922,0.5185185185185185,0.5185185185185185,100.0,OK,
AD,temporal,1.0,0,2304655,2304655,100.0,3551,3551,3166,159,3007,0.891566265060241,0.891566265060241,100.0,OK,
ADT,temporal,1.0,0,2304655,2304655,100.0,3551,3551,3166,161,3005,0.5,0.5,100.0,OK,
VC,temporal,1.0,1,2304655,2304655,100.0,3551,3551,3166,-1,-1,0.5875652469691118,0.5875652469691118,100.0,OK,
FD,temporal,1.0,1,2304655,2304655,100.0,3551,3551,3166,244,2922,0.5569620253164557,0.5569620253164557,100.0,OK,
AD,temporal,1.0,1,2304655,2304655,100.0,3551,3551,3166,159,3007,0.9156626506024096,0.9156626506024096,100.00000000000001,OK,
ADT,temporal,1.0,1,2304655,2304655,100.0,3551,3551,3166,161,3005,0.5263157894736842,0.5263157894736842,100.0,OK,
VC,temporal,1.0,2,2304655,2304655,100.0,3551,3551,3166,-1,-1,0.5934336196411767,0.5934336196411767,100.0,OK,
FD,temporal,1.0,2,2304655,2304655,100.0,3551,3551,3166,244,2922,0.5641025641025641,0.5641025641025641,100.0,OK,
AD,temporal,1.0,2,2304655,2304655,100.0,3551,3551,3166,159,3007,0.8941176470588236,0.8941176470588236,100.0,OK,
ADT,temporal,1.0,2,2304655,2304655,100.0,3551,3551,3166,161,3005,0.5263157894736842,0.5263157894736842,100.0,OK,
VC,temporal,1.0,3,2304655,2304655,100.0,3551,3551,3166,-1,-1,0.5873604360636212,0.5873604360636212,100.0,OK,
FD,temporal,1.0,3,2304655,2304655,100.0,3551,3551,3166,244,2922,0.55,0.55,100.0,OK,
AD,temporal,1.0,3,2304655,2304655,100.0,3551,3551,3166,159,3007,0.8941176470588236,0.8941176470588236,100.0,OK,
ADT,temporal,1.0,3,2304655,2304655,100.0,3551,3551,3166,161,3005,0.509090909090909,0.509090909090909,100.0,OK,
VC,temporal,1.0,4,2304655,2304655,100.0,3551,3551,3166,-1,-1,0.5910764760480112,0.5910764760480112,100.0,OK,
FD,temporal,1.0,4,2304655,2304655,100.0,3551,3551,3166,244,2922,0.5569620253164557,0.5569620253164557,100.0,OK,
AD,temporal,1.0,4,2304655,2304655,100.0,3551,3551,3166,159,3007,0.8941176470588236,0.8941176470588236,100.0,OK,
ADT,temporal,1.0,4,2304655,2304655,100.0,3551,3551,3166,161,3005,0.5172413793103449,0.5172413793103449,100.0,OK,
