task,strategy,target_rate,retention_mean,retention_sd
VC,Random,0.01,77.5417458244882,2.2816280423011963
VC,Random,0.05,65.40720321340015,4.3894720041871
VC,Random,0.1,64.42144780524421,6.759268217313855
VC,Random,0.25,69.26322069208354,5.3283736366857
VC,Random,0.5,86.63634624340496,2.4205206333938474
VC,Stratified,0.01,75.60247217148662,4.131333231010426
VC,Stratified,0.05,67.33142441255383,4.868740634815734
VC,Stratified,0.1,64.91133263395538,5.78466952831495
VC,Stratified,0.25,66.83714656413119,2.7325201929015366
VC,Stratified,0.5,87.58991256720546,2.5074816042537513
VC,Spatial,0.01,65.74198276760944,5.172978519907254
VC,Spatial,0.05,72.88808714023006,3.102041281355935
VC,Spatial,0.1,68.29402885122263,5.630040412307884
VC,Spatial,0.25,74.40414219411545,1.5495391403155991
VC,Spatial,0.5,91.75252536260805,1.9225642925361897
VC,Importance,0.01,19.119474532128645,2.922152604400676
VC,Importance,0.05,15.367041280448458,0.941707146153378
VC,Importance,0.1,17.597080263984104,1.1692567316602462
VC,Importance,0.25,28.42719888685382,1.732678002878716
VC,Importance,0.5,46.34149903137909,1.0639058750530608
VC,Adaptive,0.01,67.45798473532439,3.0967641570669304
VC,Adaptive,0.05,68.83647622815356,2.2493828321190077
VC,Adaptive,0.1,72.95215891990799,3.2519380900876302
VC,Adaptive,0.25,84.26908960985718,2.313387516791891
VC,Adaptive,0.5,91.34978316695951,3.142412301404482
VC,Temporal,0.01,82.18895947529971,2.5560272575856575
VC,Temporal,0.05,81.31768968032142,2.674220910756737
VC,Temporal,0.1,83.94332785744368,3.268800434510713
VC,Temporal,0.25,87.11111324702523,1.5366339626146148
VC,Temporal,0.5,95.26181992329026,2.051528139699781
FD,Random,0.01,33.466045133972386,21.445047390260132
FD,Random,0.05,24.11992473871907,17.458511309039853
FD,Random,0.1,23.232902371053957,8.386602735371108
FD,Random,0.25,36.72731379816316,7.377690695797824
FD,Random,0.5,79.60807081887229,3.557921659301832
FD,Stratified,0.01,37.24201234884481,22.478738927320634
FD,Stratified,0.05,26.890707004864204,12.751234765080197
FD,Stratified,0.1,29.213039485766764,15.010865472125776
FD,Stratified,0.25,46.74738870473545,9.115500587036848
FD,Stratified,0.5,79.92884580208525,6.272214208710701
FD,Spatial,0.01,10.921600742851984,10.398442284560378
FD,Spatial,0.05,19.730469965764083,23.572253607497927
FD,Spatial,0.1,9.902548431960195,11.912302664600288
FD,Spatial,0.25,24.597830143736072,7.674714016177809
FD,Spatial,0.5,43.44964354641775,2.2544097464610355
FD,Importance,0.01,25.780256705810224,2.3943387061970123
FD,Importance,0.05,24.13162378879641,1.505654999952182
FD,Importance,0.1,24.235231926511197,1.0213305246056334
FD,Importance,0.25,25.880039645264656,0.4898257780843203
FD,Importance,0.5,31.85893008371776,1.4569781666575485
FD,Adaptive,0.01,64.83026283793545,10.368936544416815
FD,Adaptive,0.05,22.646462638238955,11.959303736077082
FD,Adaptive,0.1,31.647267887991198,13.948055734650694
FD,Adaptive,0.25,57.99723650424873,8.794589985304379
FD,Adaptive,0.5,83.02833326120997,6.191111462170267
FD,Temporal,0.01,53.15095385310493,9.763393743115435
FD,Temporal,0.05,52.94745803379154,7.523176028616791
FD,Temporal,0.1,55.74720210664911,4.3289730230393335
FD,Temporal,0.25,84.90442311311878,9.200602033196189
FD,Temporal,0.5,93.73856792558091,5.510642484042642
AD,Random,0.01,59.839731593615696,5.922023021771102
AD,Random,0.05,75.03846935425882,4.587293907515967
AD,Random,0.1,84.69177625636671,4.396650764737382
AD,Random,0.25,94.78642486509521,3.0572810843326446
AD,Random,0.5,98.08912828200684,2.3719622916468017
AD,Stratified,0.01,59.74396280391261,4.0428931441391285
AD,Stratified,0.05,75.95779903674641,6.327863361480005
AD,Stratified,0.1,84.89357769078728,5.624989275003857
AD,Stratified,0.25,90.4839164811464,3.0896097157328737
AD,Stratified,0.5,98.19221919110561,3.4067873369121555
AD,Spatial,0.01,31.7532898784607,26.70969492945686
AD,Spatial,0.05,73.18667139883209,9.223262606990923
AD,Spatial,0.1,84.64470027399089,4.4266934158684474
AD,Spatial,0.25,88.35651080063482,2.9054601985477
AD,Spatial,0.5,92.76071763929568,4.7121020696259475
AD,Importance,0.01,60.80612890437823,2.892435273398896
AD,Importance,0.05,72.04452833865126,4.102002859383401
AD,Importance,0.1,75.3546698896847,6.374236112338828
AD,Importance,0.25,86.96209238386601,3.066440603921567
AD,Importance,0.5,91.56419901514838,4.408643680894697
AD,Adaptive,0.01,14.364853521363216,18.740142573110163
AD,Adaptive,0.05,41.184259960776046,13.952866978696758
AD,Adaptive,0.1,71.88202944975826,15.031403296280597
AD,Adaptive,0.25,93.52753886576602,3.2686077029961744
AD,Adaptive,0.5,100.52986030667576,1.0759898765714042
AD,Temporal,0.01,69.12417586759693,1.1920480336236967
AD,Temporal,0.05,85.58001921891994,6.815477556640804
AD,Temporal,0.1,82.66171739183535,4.365752945272834
AD,Temporal,0.25,91.16685020718717,3.1403208027263974
AD,Temporal,0.5,100.55898095050854,1.616576952733176
ADT,Random,0.01,7.206786850477201,9.924776305164029
ADT,Random,0.05,54.501632653061236,16.953281617462725
ADT,Random,0.1,68.84761564200147,8.13967540811732
ADT,Random,0.25,67.14549936723189,12.714909659947992
ADT,Random,0.5,70.5767106842737,8.616147193954829
ADT,Stratified,0.01,23.398644833427444,20.903940124763427
ADT,Stratified,0.05,39.07237559974813,13.930442744853522
ADT,Stratified,0.1,52.97383775644645,19.475900862392322
ADT,Stratified,0.25,61.08486998499014,14.134636353343309
ADT,Stratified,0.5,62.3844376899696,10.349950472496127
ADT,Spatial,0.01,5.864285714285714,5.356333272160068
ADT,Spatial,0.05,34.51643704330401,15.65726547127917
ADT,Spatial,0.1,58.309859943977585,8.651052247839681
ADT,Spatial,0.25,74.72699849170438,11.249261602294034
ADT,Spatial,0.5,53.29646871783782,16.048478198881728
ADT,Importance,0.01,0.0,0.0
ADT,Importance,0.05,34.72727052226136,11.948444170910005
ADT,Importance,0.1,36.82413733609386,6.865268408041151
ADT,Importance,0.25,40.53088259170458,5.094202180517851
ADT,Importance,0.5,59.698826509327134,6.834625704483165
ADT,Adaptive,0.01,7.321875590848933,7.477991974352669
ADT,Adaptive,0.05,33.582257356170395,18.50816532500093
ADT,Adaptive,0.1,41.9579104309689,20.177418035991316
ADT,Adaptive,0.25,55.46863978841172,9.308990387145686
ADT,Adaptive,0.5,79.42025447495561,13.677753081767662
ADT,Temporal,0.01,11.248561704886152,3.9359279985121094
ADT,Temporal,0.05,44.65939100325251,12.519938893809858
ADT,Temporal,0.1,79.93515944839474,7.260928809947999
ADT,Temporal,0.25,66.16987335359674,5.514548576317524
ADT,Temporal,0.5,81.05494230037029,9.322265458821333
