task,seed,full_data_f1,status,fail_reason,test_vessels,test_positive_count,test_negative_count,test_positive_prevalence,majority_class,majority_class_f1
VC,0,0.6064505612959067,OK,,796,-1,-1,-1.0,6,0.08373509261608729
FD,0,0.5185185185185185,OK,,796,50,746,0.06281407035175879,0,0.0
AD,0,0.891566265060241,OK,,796,43,753,0.05402010050251256,0,0.0
ADT,0,0.5,OK,,796,39,757,0.048994974874371856,0,0.0
VC,1,0.5875652469691118,OK,,796,-1,-1,-1.0,6,0.08373509261608729
FD,1,0.5569620253164557,OK,,796,50,746,0.06281407035175879,0,0.0
AD,1,0.9156626506024096,OK,,796,43,753,0.05402010050251256,0,0.0
ADT,1,0.5263157894736842,OK,,796,39,757,0.048994974874371856,0,0.0
VC,2,0.5934336196411767,OK,,796,-1,-1,-1.0,6,0.08373509261608729
FD,2,0.5641025641025641,OK,,796,50,746,0.06281407035175879,0,0.0
AD,2,0.8941176470588236,OK,,796,43,753,0.05402010050251256,0,0.0
ADT,2,0.5263157894736842,OK,,796,39,757,0.048994974874371856,0,0.0
VC,3,0.5873604360636212,OK,,796,-1,-1,-1.0,6,0.08373509261608729
FD,3,0.55,OK,,796,50,746,0.06281407035175879,0,0.0
AD,3,0.8941176470588236,OK,,796,43,753,0.05402010050251256,0,0.0
ADT,3,0.509090909090909,OK,,796,39,757,0.048994974874371856,0,0.0
VC,4,0.5910764760480112,OK,,796,-1,-1,-1.0,6,0.08373509261608729
FD,4,0.5569620253164557,OK,,796,50,746,0.06281407035175879,0,0.0
AD,4,0.8941176470588236,OK,,796,43,753,0.05402010050251256,0,0.0
ADT,4,0.5172413793103449,OK,,796,39,757,0.048994974874371856,0,0.0
