split,vessel_type,total_vessels,AD_positive,AD_negative,ADT_positive,ADT_negative,AD_positive_percent,ADT_positive_percent
train,cargo,360,32,320,18,334,9.090909090909092,5.113636363636364
train,fishing,273,4,240,13,231,1.639344262295082,5.327868852459016
train,other,446,23,404,22,405,5.386416861826698,5.152224824355972
train,passenger,213,28,171,10,189,14.07035175879397,5.025125628140704
train,pleasure,673,43,358,20,381,10.723192019950124,4.987531172069826
train,tanker,260,21,239,13,247,8.076923076923077,5.0
train,towing_tug,1326,8,1275,65,1218,0.6235385814497272,5.066250974279034
test,cargo,103,10,91,6,95,9.900990099009901,5.9405940594059405
test,fishing,59,0,50,3,47,0.0,6.0
test,other,110,3,105,1,107,2.7777777777777777,0.9259259259259258
test,passenger,50,7,40,2,45,14.893617021276595,4.25531914893617
test,pleasure,158,9,84,5,88,9.67741935483871,5.376344086021505
test,tanker,67,8,59,2,65,11.940298507462686,2.9850746268656714
test,towing_tug,341,1,329,24,306,0.30303030303030304,7.2727272727272725
