task,split,vessels,positive_18F,positive_16F,positive_in_both,positive_only_18F,positive_only_16F,overall_label_agreement_percent
AD,train,3166,159,159,137,22,22,98.61023373341756
AD,test,796,43,38,36,7,2,98.86934673366834
ADT,train,3166,161,161,131,30,30,98.10486418193304
ADT,test,796,39,43,32,7,11,97.73869346733667
ADT_cargo,train,352,18,18,15,3,3,98.29545454545455
ADT_fishing,train,244,13,13,11,2,2,98.36065573770492
ADT_other,train,427,22,22,19,3,3,98.59484777517564
ADT_passenger,train,199,10,10,8,2,2,97.98994974874373
ADT_pleasure,train,401,20,20,18,2,2,99.00249376558602
ADT_tanker,train,260,13,13,9,4,4,96.92307692307692
ADT_towing_tug,train,1283,65,65,51,14,14,97.81761496492595
ADT_cargo,test,101,7,6,4,3,2,95.04950495049505
ADT_fishing,test,50,2,3,1,1,2,94.0
ADT_other,test,108,1,1,1,0,0,100.0
ADT_passenger,test,47,0,2,0,0,2,95.74468085106383
ADT_pleasure,test,93,5,5,5,0,0,100.0
ADT_tanker,test,67,2,2,2,0,0,100.0
ADT_towing_tug,test,330,22,24,19,3,5,97.57575757575758
