task,strategy,target_rate,actual_ping_rate_mean,actual_ping_rate_sd,valid_vessels_mean,valid_vessels_sd,sampled_f1_mean,sampled_f1_sd,retention_mean,retention_sd,retention_min,retention_max,n_seeds
AD,Adaptive,0.01,0.9999761352566872,1.2412670766236366e-16,1830.8,8.64291617453276,0.16911045593972415,0.0942616937928306,18.03962180244205,9.928386245736592,5.505279034690799,32.888888888888886,5
AD,Adaptive,0.05,4.99996745716821,0.0,2452.6,6.06630035524124,0.5636190476190477,0.17476404565965162,60.410476190476196,19.286639296027584,44.04761904761905,82.81512605042019,5
AD,Adaptive,0.1,9.999978304778807,0.0,2612.8,3.1937438845342627,0.8007751793616587,0.10266262209761634,85.69075224843442,11.387705280112357,65.35064935064935,91.38655462184876,5
AD,Adaptive,0.25,24.99996745716821,0.0,2769.6,5.128352561983234,0.9042782111236676,0.024035540927244605,96.71116633417789,2.780998693739165,93.63265306122447,101.1904761904762,5
AD,Adaptive,0.5,49.99997830477881,0.0,3159.4,1.3416407864998738,0.90859219242395,0.007452983963894123,97.16713063770752,0.684971602926182,96.7688483844242,98.3883964544722,5
AD,Adaptive,1.0,100.0,0.0,3166.0,0.0,0.9351301986918426,0.011326117550026535,100.0,0.0,100.0,100.0,5
AD,Importance,0.01,0.9999761352566872,1.2412670766236366e-16,2182.6,14.570518178843194,0.7764432967129163,0.035357385569271274,83.0374769245029,3.8481661839041075,79.49308755760367,87.70851624231781,5
AD,Importance,0.05,4.99996745716821,0.0,2931.6,6.8044103344816,0.8870713167896266,0.01649789504239847,94.87192445053138,2.1212015972901272,92.44281045751634,98.09444904722451,5
AD,Importance,0.1,9.99993491433642,0.0,3038.4,6.9498201415576215,0.8789425441538118,0.015277306015303794,94.01657188697075,2.7059244068444066,91.03174603174604,98.09444904722451,5
AD,Importance,0.25,24.99996745716821,0.0,3122.8,4.381780460041329,0.8656978641771234,0.022779188803850325,92.57810805922472,2.2986101410366673,90.20952380952382,95.57729941291583,5
AD,Importance,0.5,43.23384628067976,0.0,3149.0,2.449489742783178,0.8969120078983093,0.013950545311469782,95.91784462026203,1.4235542796375589,94.28571428571428,98.21428571428572,5
AD,Importance,1.0,100.0,0.0,3166.0,0.0,0.9351301986918426,0.011326117550026535,100.0,0.0,100.0,100.0,5
AD,Random,0.01,1.0000195256990745,0.0,2342.8,9.148770409186143,0.804908172946598,0.06125966816055464,86.04643403851102,6.037154323853935,77.22960151802656,91.56574394463668,5
AD,Random,0.05,5.000010847610596,0.0,2984.8,8.07465169527454,0.8533396072526507,0.02533671967958369,91.24887960454274,2.2399408391595914,87.66233766233768,93.63265306122447,5
AD,Random,0.1,10.000021695221193,0.0,3091.0,5.958187643906492,0.8699676126394411,0.03794876361115688,93.02454233629128,3.7199679181548824,88.32054560954816,98.40686274509804,5
AD,Random,0.25,25.000010847610596,0.0,3140.2,3.2710854467592254,0.910168332716278,0.014837106894703873,97.34626870222357,2.2234896510184328,95.57729941291583,99.80430528375732,5
AD,Random,0.5,50.00002169522119,0.0,3154.6,1.140175425099138,0.8999245373708243,0.013594369973761991,96.23724440028354,1.122176643259067,95.57729941291583,98.21428571428572,5
AD,Random,1.0,100.0,0.0,3166.0,0.0,0.9351301986918426,0.011326117550026535,100.0,0.0,100.0,100.0,5
AD,Spatial,0.01,0.9999761352566872,1.2412670766236366e-16,1715.8,16.63430190900718,0.5275822191772209,0.21475918119561344,56.44303611834694,22.962684769558727,24.58471760797342,81.374321880651,5
AD,Spatial,0.05,4.99996745716821,0.0,2772.0,7.314369419163897,0.8613988486111248,0.024802904299147596,92.14887365051779,3.677177002765655,87.05882352941175,97.05882352941175,5
AD,Spatial,0.1,9.999978304778807,0.0,2956.6,6.913754406977442,0.8942326781814571,0.02008629408979595,95.62852871940913,1.929997699865288,92.68101761252446,97.05882352941175,5
AD,Spatial,0.25,24.99996745716821,0.0,3097.0,4.636809247747852,0.9119482496194825,0.030795599188597585,97.5476638143842,3.9766540534875174,91.03174603174604,101.36986301369862,5
AD,Spatial,0.5,49.99997830477881,0.0,3145.4,3.847076812334269,0.9230387806289793,0.012443457354324282,98.72237832041941,2.041911608713381,96.8688845401174,101.5686274509804,5
AD,Spatial,1.0,100.0,0.0,3166.0,0.0,0.9351301986918426,0.011326117550026535,100.0,0.0,100.0,100.0,5
AD,Stratified,0.01,0.9999761352566872,1.2412670766236366e-16,2337.6,16.2265215003093,0.7384974023526878,0.05434214226058965,78.95260562110656,5.3614676665369885,70.19704433497537,84.57142857142857,5
AD,Stratified,0.05,5.000010847610596,0.0,2982.6,3.0495901363953815,0.8729956071549407,0.021780011883234255,93.35633659716771,2.0768643793808694,90.06211180124222,95.29175050301812,5
AD,Stratified,0.1,9.999978304778807,0.0,3085.8,1.3038404810405297,0.8957279197005225,0.019863511664688763,95.81153831395571,3.0290238032331556,91.42857142857144,99.7549019607843,5
AD,Stratified,0.25,25.000010847610596,0.0,3141.0,1.0,0.8937635930964323,0.004747639765868401,95.58623977710012,1.129311641110347,94.28571428571428,97.36842105263158,5
AD,Stratified,0.5,49.99997830477881,0.0,3155.0,2.9154759474226504,0.9047464551790434,0.007802252739264631,96.75878859113939,1.1138144614842522,95.57729941291583,98.3883964544722,5
AD,Stratified,1.0,100.0,0.0,3166.0,0.0,0.9351301986918426,0.011326117550026535,100.0,0.0,100.0,100.0,5
AD,Temporal,0.01,1.137263494969963,0.0,2975.0,0.0,0.8377384178849996,0.010588277117486944,89.5972255680911,1.6741440092958915,88.35820895522387,91.47485080988916,5
AD,Temporal,0.05,4.438972427543385,0.0,3123.0,0.0,0.8851579588357081,0.04577547085639831,94.66164204812358,4.913244828451264,90.06211180124222,103.05882352941175,5
AD,Temporal,0.1,9.832404416279228,0.0,3150.0,0.0,0.9048370282578269,0.01925485182926549,96.7691282609899,2.2093748035056953,93.63265306122447,98.47358121330724,5
AD,Temporal,0.25,26.48886709724449,0.0,3163.0,0.0,0.9155127730470196,0.011609041153508203,97.91780821917807,1.990591416615988,95.57729941291583,100.0,5
AD,Temporal,0.5,55.36477260153906,0.0,3165.0,0.0,0.9155066024929039,0.020168600314108335,97.92547578083436,3.0119184072355285,94.28571428571428,101.55007949125596,5
AD,Temporal,1.0,100.0,0.0,3166.0,0.0,0.9351301986918426,0.011326117550026535,100.0,0.0,100.0,100.0,5
ADT,Adaptive,0.01,0.9999761352566872,1.2412670766236366e-16,1830.8,8.64291617453276,0.16947461035696326,0.07077018358253791,29.449947708613404,12.763869073864582,16.049382716049383,49.25028835063438,5
ADT,Adaptive,0.05,4.99996745716821,0.0,2452.6,6.06630035524124,0.31500178793041794,0.02904962925065353,54.71402111032118,5.774489704603842,45.34412955465587,60.93229744728081,5
ADT,Adaptive,0.1,9.999978304778807,0.0,2612.8,3.1937438845342627,0.3076681180454765,0.03537445354618811,53.43468562362773,6.696186919117343,42.76315789473684,60.185185185185176,5
ADT,Adaptive,0.25,24.99996745716821,0.0,2769.6,5.128352561983234,0.33100119897358893,0.05551060217507072,57.58480249314533,10.952842073396893,48.1203007518797,76.47058823529412,5
ADT,Adaptive,0.5,49.99997830477881,0.0,3159.4,1.3416407864998738,0.49621829818627783,0.0354472611457337,86.06949270437012,5.947213819764598,79.06281156530409,94.71766848816029,5
ADT,Adaptive,1.0,100.0,0.0,3166.0,0.0,0.5766677175283732,0.01961968281613348,100.0,0.0,100.0,100.0,5
ADT,Importance,0.01,0.9999761352566872,1.2412670766236366e-16,2182.6,14.570518178843194,0.12809887359199,0.056660919242143816,22.37207591575813,10.18618776661986,7.166853303471444,35.17877739331027,5
ADT,Importance,0.05,4.99996745716821,0.0,2931.6,6.8044103344816,0.3532217113840664,0.05686797324428861,61.093058927250254,8.376650358997367,48.61111111111111,70.9141274238227,5
ADT,Importance,0.1,9.99993491433642,0.0,3038.4,6.9498201415576215,0.427282291057861,0.052813493040289004,74.14460570697666,9.129928747936859,62.80107047279215,85.6378233719893,5
ADT,Importance,0.25,24.99996745716821,0.0,3122.8,4.381780460041329,0.4609554439946086,0.03977813140203362,79.84877665250184,4.8272259962810775,73.44632768361582,86.92699490662139,5
ADT,Importance,0.5,43.23384628067976,0.0,3149.0,2.449489742783178,0.4958130770680233,0.04354188990782562,85.85475557235678,4.761099073088041,80.42596348884382,89.82456140350878,5
ADT,Importance,1.0,100.0,0.0,3166.0,0.0,0.5766677175283732,0.01961968281613348,100.0,0.0,100.0,100.0,5
ADT,Random,0.01,1.0000195256990745,0.0,2342.8,9.148770409186143,0.2305608987961929,0.0912481773075752,39.94912391816416,15.838088686793423,21.241830065359473,55.203619909502265,5
ADT,Random,0.05,5.000010847610596,0.0,2984.8,8.07465169527454,0.4370338414341865,0.039661004700835646,75.8115797368703,6.608152946395004,67.29939603106126,84.21052631578948,5
ADT,Random,0.1,10.000021695221193,0.0,3091.0,5.958187643906492,0.47660359039707706,0.01579112371975843,82.7591054534999,4.790341074451981,77.30802415875755,90.27777777777776,5
ADT,Random,0.25,25.000010847610596,0.0,3140.2,3.2710854467592254,0.5444294773327031,0.02538278410610165,94.46825610223193,4.719707529689266,88.28522920203734,99.01433691756272,5
ADT,Random,0.5,50.00002169522119,0.0,3154.6,1.140175425099138,0.539611581920904,0.038835727567231325,93.64548350562349,7.137465962836894,84.21052631578948,101.5625,5
ADT,Random,1.0,100.0,0.0,3166.0,0.0,0.5766677175283732,0.01961968281613348,100.0,0.0,100.0,100.0,5
ADT,Spatial,0.01,0.9999761352566872,1.2412670766236366e-16,1715.8,16.63430190900718,0.13572946859903373,0.06187990573133846,23.408922324756666,10.160726315821393,15.2046783625731,40.421052631578945,5
ADT,Spatial,0.05,4.99996745716821,0.0,2772.0,7.314369419163897,0.3379709125029322,0.13118927749093212,58.33051030454529,22.180633111739418,21.968787515006003,78.59649122807018,5
ADT,Spatial,0.1,9.999978304778807,0.0,2956.6,6.913754406977442,0.4460291438979963,0.05171345124354245,77.22690706998934,7.040740708939557,70.93253968253968,88.35202761000863,5
ADT,Spatial,0.25,24.99996745716821,0.0,3097.0,4.636809247747852,0.4941194581280787,0.06821988001990392,85.81098060821424,12.83011611837824,75.49909255898368,106.52573529411764,5
ADT,Spatial,0.5,49.99997830477881,0.0,3145.4,3.847076812334269,0.5529781420765028,0.04243869554724272,96.09841634381678,9.825621215729168,88.35202761000863,112.8472222222222,5
ADT,Spatial,1.0,100.0,0.0,3166.0,0.0,0.5766677175283732,0.01961968281613348,100.0,0.0,100.0,100.0,5
ADT,Stratified,0.01,0.9999761352566872,1.2412670766236366e-16,2337.6,16.2265215003093,0.24215251004859292,0.06959250573930204,42.18588240380505,12.57899242251002,21.96796338672769,54.016620498614955,5
ADT,Stratified,0.05,5.000010847610596,0.0,2982.6,3.0495901363953815,0.4327591002921606,0.053591424203111734,75.20351432508546,10.453397581822378,60.01846722068328,86.81214421252373,5
ADT,Stratified,0.1,9.999978304778807,0.0,3085.8,1.3038404810405297,0.4759287665186937,0.0429558522291216,82.53677125231381,7.154041717350891,74.71264367816092,92.59962049335864,5
ADT,Stratified,0.25,25.000010847610596,0.0,3141.0,1.0,0.5316532258064516,0.039940223447189754,92.24319495766613,6.939805501468737,84.21052631578948,100.0,5
ADT,Stratified,0.5,49.99997830477881,0.0,3155.0,2.9154759474226504,0.5536753040719196,0.02017851298608029,96.11431186815975,5.029388836771113,88.35202761000863,100.6375227686703,5
ADT,Stratified,1.0,100.0,0.0,3166.0,0.0,0.5766677175283732,0.01961968281613348,100.0,0.0,100.0,100.0,5
ADT,Temporal,0.01,1.137263494969963,0.0,2975.0,0.0,0.23318946027048132,0.04524804349017936,40.39634133537364,7.661767357314558,28.143021914648212,47.693920335429766,5
ADT,Temporal,0.05,4.438972427543385,0.0,3123.0,0.0,0.4049926384404353,0.025379881225982618,70.22991545233786,3.663441253981405,64.88203266787659,73.44632768361582,5
ADT,Temporal,0.1,9.832404416279228,0.0,3150.0,0.0,0.5080874316939891,0.025485813902307926,88.21529434321903,5.786485827910121,78.59649122807018,94.11764705882354,5
ADT,Temporal,0.25,26.48886709724449,0.0,3163.0,0.0,0.49105663047156173,0.030208898647421007,85.13516987519662,3.8646531510968756,81.30671506352087,91.2280701754386,5
ADT,Temporal,0.5,55.36477260153906,0.0,3165.0,0.0,0.5728907768886616,0.029367474758964663,99.33448421813549,3.530459515056055,94.11764705882354,103.17460317460316,5
ADT,Temporal,1.0,100.0,0.0,3166.0,0.0,0.5766677175283732,0.01961968281613348,100.0,0.0,100.0,100.0,5
FD,Adaptive,0.01,0.9999761352566872,1.2412670766236366e-16,1830.8,8.64291617453276,0.42059115362016575,0.04345575489395798,79.36514088246254,7.559069581294602,68.18181818181819,87.29096989966554,5
FD,Adaptive,0.05,4.99996745716821,0.0,2452.6,6.06630035524124,0.4161750546602641,0.042598224450279956,78.63534493917386,8.512872583759146,64.42199775533108,86.11660079051383,5
FD,Adaptive,0.1,9.999978304778807,0.0,2612.8,3.1937438845342627,0.4331750066131342,0.01711499119459621,81.83218013713301,4.16862747516434,77.78819119025303,88.81922675026122,5
FD,Adaptive,0.25,24.99996745716821,0.0,2769.6,5.128352561983234,0.43158496732026136,0.02228967200248931,81.51745233666588,4.6242926487953895,74.6685606060606,86.36363636363636,5
FD,Adaptive,0.5,49.99997830477881,0.0,3159.4,1.3416407864998738,0.46346025726438783,0.032430205282434676,87.56727095283998,6.996748755092552,79.63386727688786,97.81357882623703,5
FD,Adaptive,1.0,100.0,0.0,3166.0,0.0,0.5295944519438078,0.0074263672983520814,100.0,0.0,100.0,100.0,5
FD,Importance,0.01,0.9999761352566872,1.2412670766236366e-16,2182.6,14.570518178843194,0.2341927478394384,0.029244572377762155,44.245625237232176,5.693113137808907,37.27272727272727,51.12092391304349,5
FD,Importance,0.05,4.99996745716821,0.0,2931.6,6.8044103344816,0.29100714344713285,0.019705943529656406,54.937166294077755,3.410823218606442,50.98814229249012,58.66077656358986,5
FD,Importance,0.1,9.99993491433642,0.0,3038.4,6.9498201415576215,0.3327594647733193,0.02048274194877421,62.86595526150327,4.398703097161025,57.37290085116173,68.17492416582405,5
FD,Importance,0.25,24.99996745716821,0.0,3122.8,4.381780460041329,0.3592986421846735,0.016255221733246207,67.88532711135282,3.9523166045760436,62.595419847328245,73.59307359307358,5
FD,Importance,0.5,43.23384628067976,0.0,3149.0,2.449489742783178,0.4585468458379992,0.018465912034373595,86.58277519338671,3.2172825215440297,83.0,91.57894736842104,5
FD,Importance,1.0,100.0,0.0,3166.0,0.0,0.5295944519438078,0.0074263672983520814,100.0,0.0,100.0,100.0,5
FD,Random,0.01,1.0000195256990745,0.0,2342.8,9.148770409186143,0.4502071575282104,0.05104746504626354,85.00486855245337,9.412263152291635,75.86641461877758,99.3939393939394,5
FD,Random,0.05,5.000010847610596,0.0,2984.8,8.07465169527454,0.4336879488183835,0.02618976766072328,81.95114719462546,5.9621823743735245,75.6258234519104,88.75921375921376,5
FD,Random,0.1,10.000021695221193,0.0,3091.0,5.958187643906492,0.380103707101434,0.03319415108370055,71.79587879844732,6.52274987576362,61.940298507462686,78.3169533169533,5
FD,Random,0.25,25.000010847610596,0.0,3140.2,3.2710854467592254,0.4917587542060115,0.02931590497446605,92.86388969716465,5.537630491769552,85.62653562653563,100.28768699654772,5
FD,Random,0.5,50.00002169522119,0.0,3154.6,1.140175425099138,0.5302109070531598,0.026391404416314934,100.10291187730977,4.412405888817336,95.45454545454544,105.56117290192113,5
FD,Random,1.0,100.0,0.0,3166.0,0.0,0.5295944519438078,0.0074263672983520814,100.0,0.0,100.0,100.0,5
FD,Spatial,0.01,0.9999761352566872,1.2412670766236366e-16,1715.8,16.63430190900718,0.2781374391862007,0.09162019801506449,52.71631236746831,18.171700864756954,32.79938977879481,80.49242424242425,5
FD,Spatial,0.05,4.99996745716821,0.0,2772.0,7.314369419163897,0.4359946141786314,0.03925423860773181,82.29259935773806,6.786406284823804,73.20217096336499,90.51948051948052,5
FD,Spatial,0.1,9.999978304778807,0.0,2956.6,6.913754406977442,0.3802161929528972,0.04922506264436887,71.80724057265492,9.372778537293922,64.0625,88.08814770696843,5
FD,Spatial,0.25,24.99996745716821,0.0,3097.0,4.636809247747852,0.4036894272691104,0.039654721559912474,76.22213279916551,7.314644029616566,66.75712347354137,84.26209430496021,5
FD,Spatial,0.5,49.99997830477881,0.0,3145.4,3.847076812334269,0.43921031725909776,0.04067375400344126,83.0101740759217,8.587160599075748,70.51597051597051,94.2350332594235,5
FD,Spatial,1.0,100.0,0.0,3166.0,0.0,0.5295944519438078,0.0074263672983520814,100.0,0.0,100.0,100.0,5
FD,Stratified,0.01,0.9999761352566872,1.2412670766236366e-16,2337.6,16.2265215003093,0.4567233391246795,0.04437961909353809,86.28396276206985,8.903685107899152,73.35858585858585,97.81357882623703,5
FD,Stratified,0.05,5.000010847610596,0.0,2982.6,3.0495901363953815,0.39234642851483864,0.04945259853593248,74.0728577431343,9.146616753487354,60.04140786749482,84.26209430496021,5
FD,Stratified,0.1,9.999978304778807,0.0,3085.8,1.3038404810405297,0.42455150802976893,0.046203785274369934,80.11829220524874,8.078337723454798,72.7931488801054,90.66339066339069,5
FD,Stratified,0.25,25.000010847610596,0.0,3141.0,1.0,0.5046436896436897,0.04116385724321114,95.38945162215913,9.196459446020508,87.1310507674144,111.07954545454542,5
FD,Stratified,0.5,49.99997830477881,0.0,3155.0,2.9154759474226504,0.5393470752752227,0.03236797572216611,101.86867362280627,6.4978921598105055,93.15375982042649,108.37028824833702,5
FD,Stratified,1.0,100.0,0.0,3166.0,0.0,0.5295944519438078,0.0074263672983520814,100.0,0.0,100.0,100.0,5
FD,Temporal,0.01,1.137263494969963,0.0,2975.0,0.0,0.28162009260020937,0.04627852034514776,53.15305080940358,8.56298520533695,46.33173843700159,67.11079943899018,5
FD,Temporal,0.05,4.438972427543385,0.0,3123.0,0.0,0.30710209539541145,0.03252420123384092,57.98134829409372,6.013803642208579,50.826446280991725,64.84472049689441,5
FD,Temporal,0.1,9.832404416279228,0.0,3150.0,0.0,0.31712587443327495,0.007036401507029245,59.881042691363405,1.0310071592918375,58.57142857142856,61.388708630759254,5
FD,Temporal,0.25,26.48886709724449,0.0,3163.0,0.0,0.45138834812385775,0.013758043232475254,85.25578823394771,3.1916603804602004,82.55223037831735,89.35406698564591,5
FD,Temporal,0.5,55.36477260153906,0.0,3165.0,0.0,0.5085244870715868,0.015835957018061498,96.03531325556466,3.234434127277528,93.15375982042649,100.16835016835014,5
FD,Temporal,1.0,100.0,0.0,3166.0,0.0,0.5295944519438078,0.0074263672983520814,100.0,0.0,100.0,100.0,5
VC,Adaptive,0.01,0.9999761352566872,1.2412670766236366e-16,1830.8,8.64291617453276,0.4384051516897447,0.01911611141706141,76.81412141654245,3.1416403176489993,73.39583668430798,80.20876054431106,5
VC,Adaptive,0.05,4.99996745716821,0.0,2452.6,6.06630035524124,0.4956991348496723,0.02581689028670021,86.88685464434307,5.123530133532599,80.26340925199109,92.4067729809508,5
VC,Adaptive,0.1,9.999978304778807,0.0,2612.8,3.1937438845342627,0.5051807327562986,0.01218858403604975,88.51813498069897,1.8962221439850582,85.94727146218915,90.4168057723222,5
VC,Adaptive,0.25,24.99996745716821,0.0,2769.6,5.128352561983234,0.5068508320186208,0.007634228033292871,88.82267985346161,1.8648025103478492,86.52422290176938,91.4790834160843,5
VC,Adaptive,0.5,49.99997830477881,0.0,3159.4,1.3416407864998738,0.5599329576153529,0.011376850014450242,98.10749560000485,1.3199376394096127,96.2668902024174,99.9976041377049,5
VC,Adaptive,1.0,100.0,0.0,3166.0,0.0,0.5707184459703514,0.00733562904706803,100.0,0.0,100.0,100.0,5
VC,Importance,0.01,0.9999761352566872,1.2412670766236366e-16,2182.6,14.570518178843194,0.2991988596542657,0.0096943149795814,52.43825030258097,2.035497475712626,49.6452726324864,54.12561331378756,5
VC,Importance,0.05,4.99996745716821,0.0,2931.6,6.8044103344816,0.3483982714870256,0.0107378162307243,61.06713614983096,2.490662758605786,57.96106658187908,64.28350283282161,5
VC,Importance,0.1,9.99993491433642,0.0,3038.4,6.9498201415576215,0.3842759619680904,0.009050765725993386,67.35074189439447,2.2018764956978316,63.781201922369206,69.46933895300457,5
VC,Importance,0.25,24.99996745716821,0.0,3122.8,4.381780460041329,0.44151016517221586,0.008519254715917544,77.36902887813372,1.7072954492963406,75.61106703671737,79.1711732856287,5
VC,Importance,0.5,43.23384628067976,0.0,3149.0,2.449489742783178,0.5043735147182283,0.005606619569599284,88.38618461380395,1.4463136766789473,86.02185749255908,89.86128537144518,5
VC,Importance,1.0,100.0,0.0,3166.0,0.0,0.5707184459703514,0.00733562904706803,100.0,0.0,100.0,100.0,5
VC,Random,0.01,1.0000195256990745,0.0,2342.8,9.148770409186143,0.4972275334645039,0.022395398491214327,87.12425699030685,3.8214550113339025,80.9740607327634,90.32907898625366,5
VC,Random,0.05,5.000010847610596,0.0,2984.8,8.07465169527454,0.5171338557190038,0.012070418838707013,90.609289012964,1.6525096599079954,88.92019025717758,93.10446651072202,5
VC,Random,0.1,10.000021695221193,0.0,3091.0,5.958187643906492,0.5399810299739326,0.017354288444948452,94.65176179955941,4.032150530228368,87.49610631313466,97.24182922293856,5
VC,Random,0.25,25.000010847610596,0.0,3140.2,3.2710854467592254,0.5624592909082964,0.014758056966715883,98.57480908474312,3.2202488111663814,93.613698670944,101.98581899103692,5
VC,Random,0.5,50.00002169522119,0.0,3154.6,1.140175425099138,0.5692195833045861,0.009359799116850823,99.7399276119024,1.2963424117102829,97.7225103718078,101.26812107686769,5
VC,Random,1.0,100.0,0.0,3166.0,0.0,0.5707184459703514,0.00733562904706803,100.0,0.0,100.0,100.0,5
VC,Spatial,0.01,0.9999761352566872,1.2412670766236366e-16,1715.8,16.63430190900718,0.43350722960386345,0.010774560949376113,75.97857966287829,2.527503404363808,71.89109301902207,78.86998691063523,5
VC,Spatial,0.05,4.99996745716821,0.0,2772.0,7.314369419163897,0.5259993009059025,0.014488741565595544,92.176015068511,2.7830806890291426,89.06456535666868,95.12450090205937,5
VC,Spatial,0.1,9.999978304778807,0.0,2956.6,6.913754406977442,0.5487875829877163,0.009064409734632507,96.17477605404623,2.270685666045855,92.73520272465196,97.91929830213384,5
VC,Spatial,0.25,24.99996745716821,0.0,3097.0,4.636809247747852,0.5553304083222296,0.007925057168821244,97.32539393972353,2.3583521106400207,93.43862422843584,99.59081992685864,5
VC,Spatial,0.5,49.99997830477881,0.0,3145.4,3.847076812334269,0.5723670706708746,0.008242980382618335,100.29340168532158,1.2535241753485404,98.5817489392402,101.57546649652184,5
VC,Spatial,1.0,100.0,0.0,3166.0,0.0,0.5707184459703514,0.00733562904706803,100.0,0.0,100.0,100.0,5
VC,Stratified,0.01,0.9999761352566872,1.2412670766236366e-16,2337.6,16.2265215003093,0.4997397252584963,0.022376825208498163,87.5944622257645,4.556233387256062,81.17363762323251,93.08046346520084,5
VC,Stratified,0.05,5.000010847610596,0.0,2982.6,3.0495901363953815,0.5214406951914625,0.011224871270232598,91.39534774323508,3.0273656299608778,86.72312209975875,93.74119459544292,5
VC,Stratified,0.1,9.999978304778807,0.0,3085.8,1.3038404810405297,0.53989575923511,0.019321209194421304,94.62238573038599,3.9219378291923626,89.59666502018895,99.02369167355964,5
VC,Stratified,0.25,25.000010847610596,0.0,3141.0,1.0,0.55895506182072,0.008586910251020234,97.95708678889953,2.264694053275358,94.79777338221194,100.62380673654364,5
VC,Stratified,0.5,49.99997830477881,0.0,3155.0,2.9154759474226504,0.57784750714215,0.005060925694506428,101.26982193610931,2.076213020110006,98.1356552010446,103.22109574762356,5
VC,Stratified,1.0,100.0,0.0,3166.0,0.0,0.5707184459703514,0.00733562904706803,100.0,0.0,100.0,100.0,5
VC,Temporal,0.01,1.137263494969963,0.0,2975.0,0.0,0.4969747802503817,0.017624183132024202,87.10653651044677,3.7972120309441606,83.65124067185961,92.7386589123157,5
VC,Temporal,0.05,4.438972427543385,0.0,3123.0,0.0,0.477788006613393,0.004785288002851121,83.72511601106848,1.1213662046638402,81.91149045653032,84.79717348663816,5
VC,Temporal,0.1,9.832404416279228,0.0,3150.0,0.0,0.4883831556625429,0.004174428855213994,85.58527108964338,1.3631370803306049,83.3493872684659,86.65670863167598,5
VC,Temporal,0.25,26.48886709724449,0.0,3163.0,0.0,0.5479418671568933,0.004411622803989172,96.0169673059485,0.97987082216396,94.37383187950572,96.8213382265536,5
VC,Temporal,0.5,55.36477260153906,0.0,3165.0,0.0,0.5787048934095671,0.006332180436595764,101.42032889869431,2.190434933317678,97.7571951321381,103.54546024100244,5
VC,Temporal,1.0,100.0,0.0,3166.0,0.0,0.5707184459703514,0.00733562904706803,100.0,0.0,100.0,100.0,5
