task,strategy,target_rate,seed,retained_training_pings,actual_ping_retention_percent,unique_vessels_with_valid_final_feature_vector,training_positive_count,training_negative_count,sampled_f1,full_f1_same_seed,retention_percent,status,fail_reason
AD,random,0.01,0,23047,1.0000195256990743,2354,42,2312,0.7058823529411765,0.8809523809523809,80.12718600953896,OK,
ADT,random,0.01,0,23047,1.0000195256990743,2354,59,2295,0.22727272727272727,0.49122807017543857,46.26623376623377,OK,
AD,random,0.01,1,23047,1.0000195256990743,2351,36,2315,0.6153846153846154,0.8809523809523809,69.85446985446985,OK,
ADT,random,0.01,1,23047,1.0000195256990743,2351,51,2300,0.09090909090909091,0.5862068965517241,15.508021390374335,OK,
AD,random,0.01,2,23047,1.0000195256990743,2333,40,2293,0.6865671641791045,0.891566265060241,77.00685760387253,OK,
ADT,random,0.01,2,23047,1.0000195256990743,2333,68,2265,0.3137254901960784,0.5614035087719298,55.88235294117647,OK,
AD,random,0.01,3,23047,1.0000195256990743,2338,37,2301,0.6349206349206349,0.9047619047619048,70.17543859649122,OK,
ADT,random,0.01,3,23047,1.0000195256990743,2338,57,2281,0.22727272727272727,0.5614035087719298,40.48295454545455,OK,
AD,random,0.01,4,23047,1.0000195256990743,2338,35,2303,0.6461538461538462,0.8941176470588236,72.26720647773278,OK,
ADT,random,0.01,4,23047,1.0000195256990743,2338,49,2289,0.08888888888888889,0.5263157894736842,16.88888888888889,OK,
AD,random,0.05,0,115233,5.000010847610596,2986,122,2864,0.6865671641791045,0.8809523809523809,77.93465106897942,OK,
ADT,random,0.05,0,115233,5.000010847610596,2986,126,2860,0.43636363636363634,0.49122807017543857,88.83116883116882,OK,
AD,random,0.05,1,115233,5.000010847610596,2975,111,2864,0.6956521739130435,0.8809523809523809,78.9659224441833,OK,
ADT,random,0.05,1,115233,5.000010847610596,2975,121,2854,0.4,0.5862068965517241,68.23529411764706,OK,
AD,random,0.05,2,115233,5.000010847610596,2985,120,2865,0.6666666666666666,0.891566265060241,74.77477477477477,OK,
ADT,random,0.05,2,115233,5.000010847610596,2985,120,2865,0.509090909090909,0.5614035087719298,90.68181818181819,OK,
AD,random,0.05,3,115233,5.000010847610596,2981,114,2867,0.7058823529411765,0.9047619047619048,78.0185758513932,OK,
ADT,random,0.05,3,115233,5.000010847610596,2981,121,2860,0.36,0.5614035087719298,64.125,OK,
AD,random,0.05,4,115233,5.000010847610596,2997,129,2868,0.7837837837837838,0.8941176470588236,87.66002844950212,OK,
ADT,random,0.05,4,115233,5.000010847610596,2997,128,2869,0.39215686274509803,0.5263157894736842,74.50980392156863,OK,
AD,random,0.1,0,230466,10.000021695221193,3094,148,2946,0.8108108108108109,0.8809523809523809,92.03798392987582,OK,
ADT,random,0.1,0,230466,10.000021695221193,3094,147,2947,0.4528301886792453,0.49122807017543857,92.18328840970352,OK,
AD,random,0.1,1,230466,10.000021695221193,3093,141,2952,0.7671232876712328,0.8809523809523809,87.0788596815994,OK,
ADT,random,0.1,1,230466,10.000021695221193,3093,142,2951,0.5454545454545454,0.5862068965517241,93.04812834224599,OK,
AD,random,0.1,2,230466,10.000021695221193,3087,146,2941,0.7605633802816901,0.891566265060241,85.30643319375713,OK,
ADT,random,0.1,2,230466,10.000021695221193,3087,143,2944,0.49056603773584906,0.5614035087719298,87.38207547169812,OK,
AD,random,0.1,3,230466,10.000021695221193,3083,143,2940,0.7605633802816901,0.9047619047619048,84.06226834692364,OK,
ADT,random,0.1,3,230466,10.000021695221193,3083,141,2942,0.4727272727272727,0.5614035087719298,84.20454545454547,OK,
AD,random,0.1,4,230466,10.000021695221193,3098,143,2955,0.75,0.8941176470588236,83.88157894736841,OK,
ADT,random,0.1,4,230466,10.000021695221193,3098,141,2957,0.4,0.5263157894736842,76.0,OK,
AD,random,0.25,0,576164,25.000010847610596,3145,156,2989,0.8860759493670886,0.8809523809523809,100.58159425248031,OK,
ADT,random,0.25,0,576164,25.000010847610596,3145,156,2989,0.5862068965517241,0.49122807017543857,119.33497536945812,OK,
AD,random,0.25,1,576164,25.000010847610596,3136,155,2981,0.8571428571428571,0.8809523809523809,97.29729729729729,OK,
ADT,random,0.25,1,576164,25.000010847610596,3136,153,2983,0.48148148148148145,0.5862068965517241,82.13507625272331,OK,
AD,random,0.25,2,576164,25.000010847610596,3141,156,2985,0.8461538461538461,0.891566265060241,94.9064449064449,OK,
ADT,random,0.25,2,576164,25.000010847610596,3141,153,2988,0.5263157894736842,0.5614035087719298,93.75,OK,
AD,random,0.25,3,576164,25.000010847610596,3139,156,2983,0.8421052631578947,0.9047619047619048,93.0747922437673,OK,
ADT,random,0.25,3,576164,25.000010847610596,3139,154,2985,0.4444444444444444,0.5614035087719298,79.16666666666667,OK,
AD,random,0.25,4,576164,25.000010847610596,3140,156,2984,0.8717948717948718,0.8941176470588236,97.50337381916329,OK,
ADT,random,0.25,4,576164,25.000010847610596,3140,155,2985,0.46153846153846156,0.5263157894736842,87.6923076923077,OK,
AD,random,0.5,0,1152328,50.00002169522119,3154,158,2996,0.8674698795180723,0.8809523809523809,98.46955389124064,OK,
ADT,random,0.5,0,1152328,50.00002169522119,3154,159,2995,0.48148148148148145,0.49122807017543857,98.01587301587301,OK,
AD,random,0.5,1,1152328,50.00002169522119,3155,159,2996,0.8354430379746836,0.8809523809523809,94.83407458091003,OK,
ADT,random,0.5,1,1152328,50.00002169522119,3155,159,2996,0.509090909090909,0.5862068965517241,86.84491978609626,OK,
AD,random,0.5,2,1152328,50.00002169522119,3156,158,2998,0.8641975308641975,0.891566265060241,96.93026359693026,OK,
ADT,random,0.5,2,1152328,50.00002169522119,3156,157,2999,0.5714285714285714,0.5614035087719298,101.78571428571428,OK,
AD,random,0.5,3,1152328,50.00002169522119,3153,158,2994,0.891566265060241,0.9047619047619048,98.54153455928979,OK,
ADT,random,0.5,3,1152328,50.00002169522119,3153,157,2995,0.509090909090909,0.5614035087719298,90.68181818181819,OK,
AD,random,0.5,4,1152328,50.00002169522119,3155,158,2997,0.8809523809523809,0.8941176470588236,98.52756892230575,OK,
ADT,random,0.5,4,1152328,50.00002169522119,3155,158,2997,0.48148148148148145,0.5263157894736842,91.48148148148148,OK,
AD,random,1.0,0,2304655,100.0,3166,159,3007,0.8809523809523809,0.8809523809523809,100.0,OK,
ADT,random,1.0,0,2304655,100.0,3166,161,3005,0.49122807017543857,0.49122807017543857,100.0,OK,
AD,random,1.0,1,2304655,100.0,3166,159,3007,0.8809523809523809,0.8809523809523809,100.0,OK,
ADT,random,1.0,1,2304655,100.0,3166,161,3005,0.5862068965517241,0.5862068965517241,100.0,OK,
AD,random,1.0,2,2304655,100.0,3166,159,3007,0.891566265060241,0.891566265060241,100.0,OK,
ADT,random,1.0,2,2304655,100.0,3166,161,3005,0.5614035087719298,0.5614035087719298,100.0,OK,
AD,random,1.0,3,2304655,100.0,3166,159,3007,0.9047619047619048,0.9047619047619048,100.0,OK,
ADT,random,1.0,3,2304655,100.0,3166,161,3005,0.5614035087719298,0.5614035087719298,100.0,OK,
AD,random,1.0,4,2304655,100.0,3166,159,3007,0.8941176470588236,0.8941176470588236,100.0,OK,
ADT,random,1.0,4,2304655,100.0,3166,161,3005,0.5263157894736842,0.5263157894736842,100.0,OK,
AD,stratified,0.01,0,23046,0.999976135256687,2346,40,2306,0.5573770491803278,0.8809523809523809,63.26982720425343,OK,
ADT,stratified,0.01,0,23046,0.999976135256687,2346,65,2281,0.20833333333333334,0.49122807017543857,42.41071428571429,OK,
AD,stratified,0.01,1,23046,0.999976135256687,2321,37,2284,0.6666666666666666,0.8809523809523809,75.67567567567566,OK,
ADT,stratified,0.01,1,23046,0.999976135256687,2321,54,2267,0.2127659574468085,0.5862068965517241,36.2953692115144,OK,
AD,stratified,0.01,2,23046,0.999976135256687,2319,23,2296,0.5333333333333333,0.891566265060241,59.81981981981983,OK,
ADT,stratified,0.01,2,23046,0.999976135256687,2319,47,2272,0.0975609756097561,0.5614035087719298,17.378048780487806,OK,
AD,stratified,0.01,3,23046,0.999976135256687,2350,40,2310,0.6461538461538462,0.9047619047619048,71.417004048583,OK,
ADT,stratified,0.01,3,23046,0.999976135256687,2350,59,2291,0.2553191489361702,0.5614035087719298,45.47872340425532,OK,
AD,stratified,0.01,4,23046,0.999976135256687,2352,36,2316,0.5573770491803278,0.8941176470588236,62.338222605694554,OK,
ADT,stratified,0.01,4,23046,0.999976135256687,2352,55,2297,0.22727272727272727,0.5263157894736842,43.18181818181818,OK,
AD,stratified,0.05,0,115233,5.000010847610596,2985,109,2876,0.6363636363636364,0.8809523809523809,72.23587223587224,OK,
ADT,stratified,0.05,0,115233,5.000010847610596,2985,119,2866,0.3333333333333333,0.49122807017543857,67.85714285714285,OK,
AD,stratified,0.05,1,115233,5.000010847610596,2978,114,2864,0.7777777777777778,0.8809523809523809,88.2882882882883,OK,
ADT,stratified,0.05,1,115233,5.000010847610596,2978,116,2862,0.509090909090909,0.5862068965517241,86.84491978609626,OK,
AD,stratified,0.05,2,115233,5.000010847610596,2985,116,2869,0.6956521739130435,0.891566265060241,78.02585193889541,OK,
ADT,stratified,0.05,2,115233,5.000010847610596,2985,119,2866,0.4,0.5614035087719298,71.25,OK,
AD,stratified,0.05,3,115233,5.000010847610596,2984,121,2863,0.75,0.9047619047619048,82.89473684210526,OK,
ADT,stratified,0.05,3,115233,5.000010847610596,2984,124,2860,0.37735849056603776,0.5614035087719298,67.21698113207547,OK,
AD,stratified,0.05,4,115233,5.000010847610596,2981,120,2861,0.7323943661971831,0.8941176470588236,81.91252779836917,OK,
ADT,stratified,0.05,4,115233,5.000010847610596,2981,124,2857,0.41509433962264153,0.5263157894736842,78.8679245283019,OK,
AD,stratified,0.1,0,230465,9.999978304778807,3084,143,2941,0.7945205479452054,0.8809523809523809,90.18881895594225,OK,
ADT,stratified,0.1,0,230465,9.999978304778807,3084,142,2942,0.4528301886792453,0.49122807017543857,92.18328840970352,OK,
AD,stratified,0.1,1,230465,9.999978304778807,3085,141,2944,0.8108108108108109,0.8809523809523809,92.03798392987582,OK,
ADT,stratified,0.1,1,230465,9.999978304778807,3085,135,2950,0.4727272727272727,0.5862068965517241,80.64171122994654,OK,
AD,stratified,0.1,2,230465,9.999978304778807,3087,145,2942,0.7945205479452054,0.891566265060241,89.11514253980008,OK,
ADT,stratified,0.1,2,230465,9.999978304778807,3087,144,2943,0.43137254901960786,0.5614035087719298,76.83823529411765,OK,
AD,stratified,0.1,3,230465,9.999978304778807,3087,144,2943,0.8571428571428571,0.9047619047619048,94.73684210526315,OK,
ADT,stratified,0.1,3,230465,9.999978304778807,3087,145,2942,0.43636363636363634,0.5614035087719298,77.72727272727272,OK,
AD,stratified,0.1,4,230465,9.999978304778807,3086,147,2939,0.7777777777777778,0.8941176470588236,86.98830409356725,OK,
ADT,stratified,0.1,4,230465,9.999978304778807,3086,144,2942,0.43137254901960786,0.5263157894736842,81.9607843137255,OK,
AD,stratified,0.25,0,576164,25.000010847610596,3140,153,2987,0.8266666666666667,0.8809523809523809,93.83783783783784,OK,
ADT,stratified,0.25,0,576164,25.000010847610596,3140,155,2985,0.5,0.49122807017543857,101.78571428571429,OK,
AD,stratified,0.25,1,576164,25.000010847610596,3140,153,2985,0.8461538461538461,0.8809523809523809,96.04989604989605,OK,
ADT,stratified,0.25,1,576164,25.000010847610596,3140,153,2985,0.5357142857142857,0.5862068965517241,91.38655462184875,OK,
AD,stratified,0.25,2,576164,25.000010847610596,3141,156,2985,0.8311688311688312,0.891566265060241,93.22569322569322,OK,
ADT,stratified,0.25,2,576164,25.000010847610596,3141,154,2987,0.509090909090909,0.5614035087719298,90.68181818181819,OK,
AD,stratified,0.25,3,576164,25.000010847610596,3142,156,2986,0.8717948717948718,0.9047619047619048,96.35627530364373,OK,
ADT,stratified,0.25,3,576164,25.000010847610596,3142,154,2988,0.5172413793103449,0.5614035087719298,92.13362068965517,OK,
AD,stratified,0.25,4,576164,25.000010847610596,3142,156,2986,0.8571428571428571,0.8941176470588236,95.86466165413533,OK,
ADT,stratified,0.25,4,576164,25.000010847610596,3142,154,2988,0.509090909090909,0.5263157894736842,96.72727272727273,OK,
AD,stratified,0.5,0,1152327,49.99997830477881,3155,159,2996,0.8641975308641975,0.8809523809523809,98.09809809809809,OK,
ADT,stratified,0.5,0,1152327,49.99997830477881,3155,159,2996,0.509090909090909,0.49122807017543857,103.63636363636364,OK,
AD,stratified,0.5,1,1152327,49.99997830477881,3154,157,2996,0.8780487804878049,0.8809523809523809,99.6704021094265,OK,
ADT,stratified,0.5,1,1152327,49.99997830477881,3154,157,2996,0.5185185185185185,0.5862068965517241,88.45315904139433,OK,
AD,stratified,0.5,2,1152327,49.99997830477881,3156,159,2997,0.9024390243902439,0.891566265060241,101.21951219512196,OK,
ADT,stratified,0.5,2,1152327,49.99997830477881,3156,159,2997,0.5454545454545454,0.5614035087719298,97.1590909090909,OK,
AD,stratified,0.5,3,1152327,49.99997830477881,3151,158,2993,0.8809523809523809,0.9047619047619048,97.36842105263158,OK,
ADT,stratified,0.5,3,1152327,49.99997830477881,3151,158,2993,0.5357142857142857,0.5614035087719298,95.42410714285714,OK,
AD,stratified,0.5,4,1152327,49.99997830477881,3159,158,3001,0.9024390243902439,0.8941176470588236,100.93068035943517,OK,
ADT,stratified,0.5,4,1152327,49.99997830477881,3159,159,3000,0.5172413793103449,0.5263157894736842,98.27586206896552,OK,
AD,stratified,1.0,0,2304655,100.0,3166,159,3007,0.8809523809523809,0.8809523809523809,100.0,OK,
ADT,stratified,1.0,0,2304655,100.0,3166,161,3005,0.49122807017543857,0.49122807017543857,100.0,OK,
AD,stratified,1.0,1,2304655,100.0,3166,159,3007,0.8809523809523809,0.8809523809523809,100.0,OK,
ADT,stratified,1.0,1,2304655,100.0,3166,161,3005,0.5862068965517241,0.5862068965517241,100.0,OK,
AD,stratified,1.0,2,2304655,100.0,3166,159,3007,0.891566265060241,0.891566265060241,100.0,OK,
ADT,stratified,1.0,2,2304655,100.0,3166,161,3005,0.5614035087719298,0.5614035087719298,100.0,OK,
AD,stratified,1.0,3,2304655,100.0,3166,159,3007,0.9047619047619048,0.9047619047619048,100.0,OK,
ADT,stratified,1.0,3,2304655,100.0,3166,161,3005,0.5614035087719298,0.5614035087719298,100.0,OK,
AD,stratified,1.0,4,2304655,100.0,3166,159,3007,0.8941176470588236,0.8941176470588236,100.0,OK,
ADT,stratified,1.0,4,2304655,100.0,3166,161,3005,0.5263157894736842,0.5263157894736842,100.0,OK,
AD,spatial,0.01,0,23046,0.999976135256687,1713,18,1695,0.43636363636363634,0.8809523809523809,49.53316953316953,OK,
ADT,spatial,0.01,0,23046,0.999976135256687,1713,36,1677,0.05,0.49122807017543857,10.178571428571429,OK,
AD,spatial,0.01,1,23046,0.999976135256687,1718,21,1697,0.4827586206896552,0.8809523809523809,54.799627213420315,OK,
ADT,spatial,0.01,1,23046,0.999976135256687,1718,45,1673,0.16326530612244897,0.5862068965517241,27.851140456182478,OK,
AD,spatial,0.01,2,23046,0.999976135256687,1702,22,1680,0.6349206349206349,0.891566265060241,71.21407121407121,OK,
ADT,spatial,0.01,2,23046,0.999976135256687,1702,33,1669,0.14285714285714285,0.5614035087719298,25.44642857142857,OK,
AD,spatial,0.01,3,23046,0.999976135256687,1703,18,1685,0.4482758620689655,0.9047619047619048,49.54627949183303,OK,
ADT,spatial,0.01,3,23046,0.999976135256687,1703,41,1662,0.14285714285714285,0.5614035087719298,25.44642857142857,OK,
AD,spatial,0.01,4,23046,0.999976135256687,1743,17,1726,0.0,0.8941176470588236,0.0,OK,
ADT,spatial,0.01,4,23046,0.999976135256687,1743,39,1704,0.0975609756097561,0.5263157894736842,18.53658536585366,OK,
AD,spatial,0.05,0,115232,4.99996745716821,2780,78,2702,0.6666666666666666,0.8809523809523809,75.67567567567566,OK,
ADT,spatial,0.05,0,115232,4.99996745716821,2780,95,2685,0.25,0.49122807017543857,50.892857142857146,OK,
AD,spatial,0.05,1,115232,4.99996745716821,2770,79,2691,0.6865671641791045,0.8809523809523809,77.93465106897942,OK,
ADT,spatial,0.05,1,115232,4.99996745716821,2770,93,2677,0.4230769230769231,0.5862068965517241,72.17194570135747,OK,
AD,spatial,0.05,2,115232,4.99996745716821,2761,75,2686,0.7605633802816901,0.891566265060241,85.30643319375713,OK,
ADT,spatial,0.05,2,115232,4.99996745716821,2761,91,2670,0.42105263157894735,0.5614035087719298,75.0,OK,
AD,spatial,0.05,3,115232,4.99996745716821,2777,81,2696,0.6865671641791045,0.9047619047619048,75.88373919874313,OK,
ADT,spatial,0.05,3,115232,4.99996745716821,2777,95,2682,0.28,0.5614035087719298,49.87500000000001,OK,
AD,spatial,0.05,4,115232,4.99996745716821,2772,73,2699,0.7605633802816901,0.8941176470588236,85.06300963676797,OK,
ADT,spatial,0.05,4,115232,4.99996745716821,2772,89,2683,0.4074074074074074,0.5263157894736842,77.4074074074074,OK,
AD,spatial,0.1,0,230465,9.999978304778807,2958,111,2847,0.7945205479452054,0.8809523809523809,90.18881895594225,OK,
ADT,spatial,0.1,0,230465,9.999978304778807,2958,115,2843,0.4230769230769231,0.49122807017543857,86.12637362637363,OK,
AD,spatial,0.1,1,230465,9.999978304778807,2954,110,2844,0.7945205479452054,0.8809523809523809,90.18881895594225,OK,
ADT,spatial,0.1,1,230465,9.999978304778807,2954,114,2840,0.4444444444444444,0.5862068965517241,75.81699346405229,OK,
AD,spatial,0.1,2,230465,9.999978304778807,2968,115,2853,0.8266666666666667,0.891566265060241,92.72072072072073,OK,
ADT,spatial,0.1,2,230465,9.999978304778807,2968,125,2843,0.4838709677419355,0.5614035087719298,86.18951612903227,OK,
AD,spatial,0.1,3,230465,9.999978304778807,2952,109,2843,0.7428571428571429,0.9047619047619048,82.10526315789474,OK,
ADT,spatial,0.1,3,230465,9.999978304778807,2952,115,2837,0.42857142857142855,0.5614035087719298,76.33928571428571,OK,
AD,spatial,0.1,4,230465,9.999978304778807,2951,113,2838,0.7605633802816901,0.8941176470588236,85.06300963676797,OK,
ADT,spatial,0.1,4,230465,9.999978304778807,2951,117,2834,0.375,0.5263157894736842,71.25,OK,
AD,spatial,0.25,0,576163,24.99996745716821,3097,145,2952,0.8157894736842105,0.8809523809523809,92.60312944523471,OK,
ADT,spatial,0.25,0,576163,24.99996745716821,3097,143,2954,0.49056603773584906,0.49122807017543857,99.86522911051213,OK,
AD,spatial,0.25,1,576163,24.99996745716821,3091,144,2947,0.8108108108108109,0.8809523809523809,92.03798392987582,OK,
ADT,spatial,0.25,1,576163,24.99996745716821,3091,145,2946,0.4230769230769231,0.5862068965517241,72.17194570135747,OK,
AD,spatial,0.25,2,576163,24.99996745716821,3101,147,2954,0.8421052631578947,0.891566265060241,94.45234708392603,OK,
ADT,spatial,0.25,2,576163,24.99996745716821,3101,149,2952,0.5,0.5614035087719298,89.0625,OK,
AD,spatial,0.25,3,576163,24.99996745716821,3094,143,2951,0.7777777777777778,0.9047619047619048,85.96491228070177,OK,
ADT,spatial,0.25,3,576163,24.99996745716821,3094,144,2950,0.49056603773584906,0.5614035087719298,87.38207547169812,OK,
AD,spatial,0.25,4,576163,24.99996745716821,3102,147,2955,0.7945205479452054,0.8941176470588236,88.86085075702955,OK,
ADT,spatial,0.25,4,576163,24.99996745716821,3102,147,2955,0.43137254901960786,0.5263157894736842,81.9607843137255,OK,
AD,spatial,0.5,0,1152327,49.99997830477881,3139,155,2984,0.8354430379746836,0.8809523809523809,94.83407458091003,OK,
ADT,spatial,0.5,0,1152327,49.99997830477881,3139,154,2985,0.5172413793103449,0.49122807017543857,105.29556650246306,OK,
AD,spatial,0.5,1,1152327,49.99997830477881,3149,157,2991,0.8205128205128205,0.8809523809523809,93.13929313929313,OK,
ADT,spatial,0.5,1,1152327,49.99997830477881,3149,158,2990,0.5,0.5862068965517241,85.29411764705883,OK,
AD,spatial,0.5,2,1152327,49.99997830477881,3147,156,2991,0.8780487804878049,0.891566265060241,98.48384970336191,OK,
ADT,spatial,0.5,2,1152327,49.99997830477881,3147,156,2991,0.5517241379310345,0.5614035087719298,98.27586206896552,OK,
AD,spatial,0.5,3,1152327,49.99997830477881,3147,154,2993,0.85,0.9047619047619048,93.94736842105263,OK,
ADT,spatial,0.5,3,1152327,49.99997830477881,3147,155,2992,0.5454545454545454,0.5614035087719298,97.1590909090909,OK,
AD,spatial,0.5,4,1152327,49.99997830477881,3145,156,2989,0.8051948051948052,0.8941176470588236,90.05468215994532,OK,
ADT,spatial,0.5,4,1152327,49.99997830477881,3145,157,2988,0.45614035087719296,0.5263157894736842,86.66666666666666,OK,
AD,spatial,1.0,0,2304655,100.0,3166,159,3007,0.8809523809523809,0.8809523809523809,100.0,OK,
ADT,spatial,1.0,0,2304655,100.0,3166,161,3005,0.49122807017543857,0.49122807017543857,100.0,OK,
AD,spatial,1.0,1,2304655,100.0,3166,159,3007,0.8809523809523809,0.8809523809523809,100.0,OK,
ADT,spatial,1.0,1,2304655,100.0,3166,161,3005,0.5862068965517241,0.5862068965517241,100.0,OK,
AD,spatial,1.0,2,2304655,100.0,3166,159,3007,0.891566265060241,0.891566265060241,100.0,OK,
ADT,spatial,1.0,2,2304655,100.0,3166,161,3005,0.5614035087719298,0.5614035087719298,100.0,OK,
AD,spatial,1.0,3,2304655,100.0,3166,159,3007,0.9047619047619048,0.9047619047619048,100.0,OK,
ADT,spatial,1.0,3,2304655,100.0,3166,161,3005,0.5614035087719298,0.5614035087719298,100.0,OK,
AD,spatial,1.0,4,2304655,100.0,3166,159,3007,0.8941176470588236,0.8941176470588236,100.0,OK,
ADT,spatial,1.0,4,2304655,100.0,3166,161,3005,0.5263157894736842,0.5263157894736842,100.0,OK,
AD,importance,0.01,0,23046,0.999976135256687,2164,44,2120,0.6031746031746031,0.8809523809523809,68.46846846846847,OK,
ADT,importance,0.01,0,23046,0.999976135256687,2164,51,2113,0.0,0.49122807017543857,0.0,OK,
AD,importance,0.01,1,23046,0.999976135256687,2189,48,2141,0.5573770491803278,0.8809523809523809,63.26982720425343,OK,
ADT,importance,0.01,1,23046,0.999976135256687,2189,56,2133,0.13636363636363635,0.5862068965517241,23.262032085561497,OK,
AD,importance,0.01,2,23046,0.999976135256687,2176,42,2134,0.6031746031746031,0.891566265060241,67.65336765336765,OK,
ADT,importance,0.01,2,23046,0.999976135256687,2176,51,2125,0.0,0.5614035087719298,0.0,OK,
AD,importance,0.01,3,23046,0.999976135256687,2203,46,2157,0.6031746031746031,0.9047619047619048,66.66666666666667,OK,
ADT,importance,0.01,3,23046,0.999976135256687,2203,60,2143,0.17777777777777778,0.5614035087719298,31.66666666666667,OK,
AD,importance,0.01,4,23046,0.999976135256687,2181,47,2134,0.5483870967741935,0.8941176470588236,61.3327674023769,OK,
ADT,importance,0.01,4,23046,0.999976135256687,2181,58,2123,0.04878048780487805,0.5263157894736842,9.26829268292683,OK,
AD,importance,0.05,0,115232,4.99996745716821,2923,102,2821,0.7058823529411765,0.8809523809523809,80.12718600953896,OK,
ADT,importance,0.05,0,115232,4.99996745716821,2923,109,2814,0.3018867924528302,0.49122807017543857,61.45552560646901,OK,
AD,importance,0.05,1,115232,4.99996745716821,2936,107,2829,0.8,0.8809523809523809,90.8108108108108,OK,
ADT,importance,0.05,1,115232,4.99996745716821,2936,110,2826,0.32,0.5862068965517241,54.58823529411765,OK,
AD,importance,0.05,2,115232,4.99996745716821,2926,109,2817,0.75,0.891566265060241,84.12162162162163,OK,
ADT,importance,0.05,2,115232,4.99996745716821,2926,113,2813,0.38461538461538464,0.5614035087719298,68.5096153846154,OK,
AD,importance,0.05,3,115232,4.99996745716821,2939,112,2827,0.7605633802816901,0.9047619047619048,84.06226834692364,OK,
ADT,importance,0.05,3,115232,4.99996745716821,2939,120,2819,0.34615384615384615,0.5614035087719298,61.65865384615385,OK,
AD,importance,0.05,4,115232,4.99996745716821,2934,113,2821,0.7246376811594203,0.8941176470588236,81.04500381388253,OK,
ADT,importance,0.05,4,115232,4.99996745716821,2934,117,2817,0.24489795918367346,0.5263157894736842,46.53061224489796,OK,
AD,importance,0.1,0,230464,9.99993491433642,3036,126,2910,0.8108108108108109,0.8809523809523809,92.03798392987582,OK,
ADT,importance,0.1,0,230464,9.99993491433642,3036,131,2905,0.3076923076923077,0.49122807017543857,62.63736263736264,OK,
AD,importance,0.1,1,230464,9.99993491433642,3043,128,2915,0.7777777777777778,0.8809523809523809,88.2882882882883,OK,
ADT,importance,0.1,1,230464,9.99993491433642,3043,129,2914,0.39215686274509803,0.5862068965517241,66.8973471741638,OK,
AD,importance,0.1,2,230464,9.99993491433642,3046,129,2917,0.7246376811594203,0.891566265060241,81.27692910301606,OK,
ADT,importance,0.1,2,230464,9.99993491433642,3046,130,2916,0.34615384615384615,0.5614035087719298,61.65865384615385,OK,
AD,importance,0.1,3,230464,9.99993491433642,3028,132,2896,0.7777777777777778,0.9047619047619048,85.96491228070177,OK,
ADT,importance,0.1,3,230464,9.99993491433642,3028,134,2894,0.35294117647058826,0.5614035087719298,62.867647058823536,OK,
AD,importance,0.1,4,230464,9.99993491433642,3039,133,2906,0.7246376811594203,0.8941176470588236,81.04500381388253,OK,
ADT,importance,0.1,4,230464,9.99993491433642,3039,134,2905,0.39215686274509803,0.5263157894736842,74.50980392156863,OK,
AD,importance,0.25,0,576163,24.99996745716821,3117,148,2969,0.8421052631578947,0.8809523809523809,95.59032716927453,OK,
ADT,importance,0.25,0,576163,24.99996745716821,3117,151,2966,0.4074074074074074,0.49122807017543857,82.93650793650794,OK,
AD,importance,0.25,1,576163,24.99996745716821,3129,150,2978,0.8108108108108109,0.8809523809523809,92.03798392987582,OK,
ADT,importance,0.25,1,576163,24.99996745716821,3129,151,2977,0.4230769230769231,0.5862068965517241,72.17194570135747,OK,
AD,importance,0.25,2,576163,24.99996745716821,3123,152,2971,0.8421052631578947,0.891566265060241,94.45234708392603,OK,
ADT,importance,0.25,2,576163,24.99996745716821,3123,151,2972,0.36,0.5614035087719298,64.125,OK,
AD,importance,0.25,3,576163,24.99996745716821,3124,152,2972,0.8571428571428571,0.9047619047619048,94.73684210526315,OK,
ADT,importance,0.25,3,576163,24.99996745716821,3124,151,2973,0.43137254901960786,0.5614035087719298,76.83823529411765,OK,
AD,importance,0.25,4,576163,24.99996745716821,3121,152,2969,0.8421052631578947,0.8941176470588236,94.18282548476454,OK,
ADT,importance,0.25,4,576163,24.99996745716821,3121,150,2971,0.4528301886792453,0.5263157894736842,86.03773584905662,OK,
AD,importance,0.5,0,996391,43.23384628067976,3149,157,2992,0.825,0.8809523809523809,93.64864864864865,OK,
ADT,importance,0.5,0,996391,43.23384628067976,3149,158,2991,0.4444444444444444,0.49122807017543857,90.47619047619048,OK,
AD,importance,0.5,1,996391,43.23384628067976,3151,156,2993,0.8292682926829268,0.8809523809523809,94.1331575477917,OK,
ADT,importance,0.5,1,996391,43.23384628067976,3151,158,2991,0.509090909090909,0.5862068965517241,86.84491978609626,OK,
AD,importance,0.5,2,996391,43.23384628067976,3145,156,2989,0.875,0.891566265060241,98.14189189189189,OK,
ADT,importance,0.5,2,996391,43.23384628067976,3145,155,2990,0.49122807017543857,0.5614035087719298,87.5,OK,
AD,importance,0.5,3,996391,43.23384628067976,3149,158,2991,0.8461538461538461,0.9047619047619048,93.52226720647774,OK,
ADT,importance,0.5,3,996391,43.23384628067976,3149,158,2991,0.4444444444444444,0.5614035087719298,79.16666666666667,OK,
AD,importance,0.5,4,996391,43.23384628067976,3151,157,2994,0.85,0.8941176470588236,95.0657894736842,OK,
ADT,importance,0.5,4,996391,43.23384628067976,3151,158,2993,0.4642857142857143,0.5263157894736842,88.21428571428572,OK,
AD,importance,1.0,0,2304655,100.0,3166,159,3007,0.8809523809523809,0.8809523809523809,100.0,OK,
ADT,importance,1.0,0,2304655,100.0,3166,161,3005,0.49122807017543857,0.49122807017543857,100.0,OK,
AD,importance,1.0,1,2304655,100.0,3166,159,3007,0.8809523809523809,0.8809523809523809,100.0,OK,
ADT,importance,1.0,1,2304655,100.0,3166,161,3005,0.5862068965517241,0.5862068965517241,100.0,OK,
AD,importance,1.0,2,2304655,100.0,3166,159,3007,0.891566265060241,0.891566265060241,100.0,OK,
ADT,importance,1.0,2,2304655,100.0,3166,161,3005,0.5614035087719298,0.5614035087719298,100.0,OK,
AD,importance,1.0,3,2304655,100.0,3166,159,3007,0.9047619047619048,0.9047619047619048,100.0,OK,
ADT,importance,1.0,3,2304655,100.0,3166,161,3005,0.5614035087719298,0.5614035087719298,100.0,OK,
AD,importance,1.0,4,2304655,100.0,3166,159,3007,0.8941176470588236,0.8941176470588236,100.0,OK,
ADT,importance,1.0,4,2304655,100.0,3166,161,3005,0.5263157894736842,0.5263157894736842,100.0,OK,
AD,adaptive,0.01,0,23046,0.999976135256687,1843,38,1805,0.08888888888888889,0.8809523809523809,10.09009009009009,OK,
ADT,adaptive,0.01,0,23046,0.999976135256687,1843,59,1784,0.14285714285714285,0.49122807017543857,29.081632653061224,OK,
AD,adaptive,0.01,1,23046,0.999976135256687,1834,38,1796,0.045454545454545456,0.8809523809523809,5.15970515970516,OK,
ADT,adaptive,0.01,1,23046,0.999976135256687,1834,65,1769,0.1702127659574468,0.5862068965517241,29.036295369211516,OK,
AD,adaptive,0.01,2,23046,0.999976135256687,1823,36,1787,0.08888888888888889,0.891566265060241,9.96996996996997,OK,
ADT,adaptive,0.01,2,23046,0.999976135256687,1823,56,1767,0.13953488372093023,0.5614035087719298,24.8546511627907,OK,
AD,adaptive,0.01,3,23046,0.999976135256687,1832,38,1794,0.13043478260869565,0.9047619047619048,14.416475972540045,OK,
ADT,adaptive,0.01,3,23046,0.999976135256687,1832,57,1775,0.2222222222222222,0.5614035087719298,39.583333333333336,OK,
AD,adaptive,0.01,4,23046,0.999976135256687,1822,35,1787,0.4406779661016949,0.8941176470588236,49.28635147190008,OK,
ADT,adaptive,0.01,4,23046,0.999976135256687,1822,60,1762,0.09523809523809523,0.5263157894736842,18.095238095238095,OK,
AD,adaptive,0.05,0,115232,4.99996745716821,2461,98,2363,0.5048543689320388,0.8809523809523809,57.30779323012333,OK,
ADT,adaptive,0.05,0,115232,4.99996745716821,2461,121,2340,0.2807017543859649,0.49122807017543857,57.142857142857146,OK,
AD,adaptive,0.05,1,115232,4.99996745716821,2452,94,2358,0.5483870967741935,0.8809523809523809,62.24934612031386,OK,
ADT,adaptive,0.05,1,115232,4.99996745716821,2452,116,2336,0.36,0.5862068965517241,61.411764705882355,OK,
AD,adaptive,0.05,2,115232,4.99996745716821,2444,95,2349,0.37735849056603776,0.891566265060241,42.32534421213667,OK,
ADT,adaptive,0.05,2,115232,4.99996745716821,2444,116,2328,0.2222222222222222,0.5614035087719298,39.583333333333336,OK,
AD,adaptive,0.05,3,115232,4.99996745716821,2452,92,2360,0.28,0.9047619047619048,30.947368421052634,OK,
ADT,adaptive,0.05,3,115232,4.99996745716821,2452,114,2338,0.36,0.5614035087719298,64.125,OK,
AD,adaptive,0.05,4,115232,4.99996745716821,2454,92,2362,0.45614035087719296,0.8941176470588236,51.01569713758079,OK,
ADT,adaptive,0.05,4,115232,4.99996745716821,2454,119,2335,0.32653061224489793,0.5263157894736842,62.04081632653062,OK,
AD,adaptive,0.1,0,230465,9.999978304778807,2611,111,2500,0.7323943661971831,0.8809523809523809,83.13665778454512,OK,
ADT,adaptive,0.1,0,230465,9.999978304778807,2611,131,2480,0.1509433962264151,0.49122807017543857,30.727762803234505,OK,
AD,adaptive,0.1,1,230465,9.999978304778807,2609,104,2505,0.6857142857142857,0.8809523809523809,77.83783783783784,OK,
ADT,adaptive,0.1,1,230465,9.999978304778807,2609,129,2480,0.3333333333333333,0.5862068965517241,56.86274509803921,OK,
AD,adaptive,0.1,2,230465,9.999978304778807,2617,107,2510,0.7428571428571429,0.891566265060241,83.32046332046333,OK,
ADT,adaptive,0.1,2,230465,9.999978304778807,2617,132,2485,0.3333333333333333,0.5614035087719298,59.37499999999999,OK,
AD,adaptive,0.1,3,230465,9.999978304778807,2615,104,2511,0.43636363636363634,0.9047619047619048,48.229665071770334,OK,
ADT,adaptive,0.1,3,230465,9.999978304778807,2615,130,2485,0.36065573770491804,0.5614035087719298,64.24180327868852,OK,
AD,adaptive,0.1,4,230465,9.999978304778807,2612,109,2503,0.7323943661971831,0.8941176470588236,81.91252779836917,OK,
ADT,adaptive,0.1,4,230465,9.999978304778807,2612,129,2483,0.3076923076923077,0.5263157894736842,58.46153846153847,OK,
AD,adaptive,0.25,0,576163,24.99996745716821,2763,130,2633,0.8108108108108109,0.8809523809523809,92.03798392987582,OK,
ADT,adaptive,0.25,0,576163,24.99996745716821,2763,148,2615,0.32,0.49122807017543857,65.14285714285715,OK,
AD,adaptive,0.25,1,576163,24.99996745716821,2771,132,2639,0.8266666666666667,0.8809523809523809,93.83783783783784,OK,
ADT,adaptive,0.25,1,576163,24.99996745716821,2771,144,2627,0.2553191489361702,0.5862068965517241,43.55444305381727,OK,
AD,adaptive,0.25,2,576163,24.99996745716821,2776,131,2645,0.8421052631578947,0.891566265060241,94.45234708392603,OK,
ADT,adaptive,0.25,2,576163,24.99996745716821,2776,148,2628,0.2857142857142857,0.5614035087719298,50.89285714285714,OK,
AD,adaptive,0.25,3,576163,24.99996745716821,2772,127,2645,0.8266666666666667,0.9047619047619048,91.36842105263159,OK,
ADT,adaptive,0.25,3,576163,24.99996745716821,2772,146,2626,0.42857142857142855,0.5614035087719298,76.33928571428571,OK,
AD,adaptive,0.25,4,576163,24.99996745716821,2766,130,2636,0.8571428571428571,0.8941176470588236,95.86466165413533,OK,
ADT,adaptive,0.25,4,576163,24.99996745716821,2766,148,2618,0.35294117647058826,0.5263157894736842,67.05882352941177,OK,
AD,adaptive,0.5,0,1152327,49.99997830477881,3160,159,3001,0.8860759493670886,0.8809523809523809,100.58159425248031,OK,
ADT,adaptive,0.5,0,1152327,49.99997830477881,3160,160,3000,0.509090909090909,0.49122807017543857,103.63636363636364,OK,
AD,adaptive,0.5,1,1152327,49.99997830477881,3158,159,2999,0.8860759493670886,0.8809523809523809,100.58159425248031,OK,
ADT,adaptive,0.5,1,1152327,49.99997830477881,3158,160,2998,0.4827586206896552,0.5862068965517241,82.3529411764706,OK,
AD,adaptive,0.5,2,1152327,49.99997830477881,3161,159,3002,0.9024390243902439,0.891566265060241,101.21951219512196,OK,
ADT,adaptive,0.5,2,1152327,49.99997830477881,3161,161,3000,0.5,0.5614035087719298,89.0625,OK,
AD,adaptive,0.5,3,1152327,49.99997830477881,3158,159,2999,0.9,0.9047619047619048,99.47368421052632,OK,
ADT,adaptive,0.5,3,1152327,49.99997830477881,3158,159,2999,0.5357142857142857,0.5614035087719298,95.42410714285714,OK,
AD,adaptive,0.5,4,1152327,49.99997830477881,3160,159,3001,0.9,0.8941176470588236,100.6578947368421,OK,
ADT,adaptive,0.5,4,1152327,49.99997830477881,3160,160,3000,0.4727272727272727,0.5263157894736842,89.81818181818183,OK,
AD,adaptive,1.0,0,2304655,100.0,3166,159,3007,0.8809523809523809,0.8809523809523809,100.0,OK,
ADT,adaptive,1.0,0,2304655,100.0,3166,161,3005,0.49122807017543857,0.49122807017543857,100.0,OK,
AD,adaptive,1.0,1,2304655,100.0,3166,159,3007,0.8809523809523809,0.8809523809523809,100.0,OK,
ADT,adaptive,1.0,1,2304655,100.0,3166,161,3005,0.5862068965517241,0.5862068965517241,100.0,OK,
AD,adaptive,1.0,2,2304655,100.0,3166,159,3007,0.891566265060241,0.891566265060241,100.0,OK,
ADT,adaptive,1.0,2,2304655,100.0,3166,161,3005,0.5614035087719298,0.5614035087719298,100.0,OK,
AD,adaptive,1.0,3,2304655,100.0,3166,159,3007,0.9047619047619048,0.9047619047619048,100.0,OK,
ADT,adaptive,1.0,3,2304655,100.0,3166,161,3005,0.5614035087719298,0.5614035087719298,100.0,OK,
AD,adaptive,1.0,4,2304655,100.0,3166,159,3007,0.8941176470588236,0.8941176470588236,100.0,OK,
ADT,adaptive,1.0,4,2304655,100.0,3166,161,3005,0.5263157894736842,0.5263157894736842,100.0,OK,
AD,temporal,0.01,0,26210,1.137263494969963,2975,109,2860,0.625,0.8809523809523809,70.94594594594595,OK,
ADT,temporal,0.01,0,26210,1.137263494969963,2975,125,2844,0.2127659574468085,0.49122807017543857,43.31306990881459,OK,
AD,temporal,0.01,1,26210,1.137263494969963,2975,109,2860,0.6865671641791045,0.8809523809523809,77.93465106897942,OK,
ADT,temporal,0.01,1,26210,1.137263494969963,2975,125,2844,0.28,0.5862068965517241,47.76470588235295,OK,
AD,temporal,0.01,2,26210,1.137263494969963,2975,109,2860,0.6865671641791045,0.891566265060241,77.00685760387253,OK,
ADT,temporal,0.01,2,26210,1.137263494969963,2975,125,2844,0.13333333333333333,0.5614035087719298,23.750000000000004,OK,
AD,temporal,0.01,3,26210,1.137263494969963,2975,109,2860,0.6865671641791045,0.9047619047619048,75.88373919874313,OK,
ADT,temporal,0.01,3,26210,1.137263494969963,2975,125,2844,0.18181818181818182,0.5614035087719298,32.38636363636364,OK,
AD,temporal,0.01,4,26210,1.137263494969963,2975,109,2860,0.7428571428571429,0.8941176470588236,83.0827067669173,OK,
ADT,temporal,0.01,4,26210,1.137263494969963,2975,125,2844,0.17391304347826086,0.5263157894736842,33.04347826086956,OK,
AD,temporal,0.05,0,102303,4.438972427543385,3123,147,2973,0.7777777777777778,0.8809523809523809,88.2882882882883,OK,
ADT,temporal,0.05,0,102303,4.438972427543385,3123,151,2969,0.37037037037037035,0.49122807017543857,75.3968253968254,OK,
AD,temporal,0.05,1,102303,4.438972427543385,3123,147,2973,0.7428571428571429,0.8809523809523809,84.32432432432434,OK,
ADT,temporal,0.05,1,102303,4.438972427543385,3123,151,2969,0.4074074074074074,0.5862068965517241,69.49891067538127,OK,
AD,temporal,0.05,2,102303,4.438972427543385,3123,147,2973,0.7671232876712328,0.891566265060241,86.04220659015179,OK,
ADT,temporal,0.05,2,102303,4.438972427543385,3123,151,2969,0.49122807017543857,0.5614035087719298,87.5,OK,
AD,temporal,0.05,3,102303,4.438972427543385,3123,147,2973,0.7777777777777778,0.9047619047619048,85.96491228070177,OK,
ADT,temporal,0.05,3,102303,4.438972427543385,3123,151,2969,0.37037037037037035,0.5614035087719298,65.97222222222223,OK,
AD,temporal,0.05,4,102303,4.438972427543385,3123,147,2973,0.7945205479452054,0.8941176470588236,88.86085075702955,OK,
ADT,temporal,0.05,4,102303,4.438972427543385,3123,151,2969,0.3333333333333333,0.5263157894736842,63.33333333333333,OK,
AD,temporal,0.1,0,226603,9.832404416279227,3150,154,2993,0.7945205479452054,0.8809523809523809,90.18881895594225,OK,
ADT,temporal,0.1,0,226603,9.832404416279227,3150,156,2991,0.4074074074074074,0.49122807017543857,82.93650793650794,OK,
AD,temporal,0.1,1,226603,9.832404416279227,3150,154,2993,0.7777777777777778,0.8809523809523809,88.2882882882883,OK,
ADT,temporal,0.1,1,226603,9.832404416279227,3150,156,2991,0.48148148148148145,0.5862068965517241,82.13507625272331,OK,
AD,temporal,0.1,2,226603,9.832404416279227,3150,154,2993,0.7777777777777778,0.891566265060241,87.23723723723725,OK,
ADT,temporal,0.1,2,226603,9.832404416279227,3150,156,2991,0.4230769230769231,0.5614035087719298,75.36057692307692,OK,
AD,temporal,0.1,3,226603,9.832404416279227,3150,154,2993,0.7777777777777778,0.9047619047619048,85.96491228070177,OK,
ADT,temporal,0.1,3,226603,9.832404416279227,3150,156,2991,0.43137254901960786,0.5614035087719298,76.83823529411765,OK,
AD,temporal,0.1,4,226603,9.832404416279227,3150,154,2993,0.7605633802816901,0.8941176470588236,85.06300963676797,OK,
ADT,temporal,0.1,4,226603,9.832404416279227,3150,156,2991,0.509090909090909,0.5263157894736842,96.72727272727273,OK,
AD,temporal,0.25,0,610477,26.48886709724449,3163,159,3002,0.8157894736842105,0.8809523809523809,92.60312944523471,OK,
ADT,temporal,0.25,0,610477,26.48886709724449,3163,160,3001,0.48148148148148145,0.49122807017543857,98.01587301587301,OK,
AD,temporal,0.25,1,610477,26.48886709724449,3163,159,3002,0.8421052631578947,0.8809523809523809,95.59032716927453,OK,
ADT,temporal,0.25,1,610477,26.48886709724449,3163,160,3001,0.5185185185185185,0.5862068965517241,88.45315904139433,OK,
AD,temporal,0.25,2,610477,26.48886709724449,3163,159,3002,0.8266666666666667,0.891566265060241,92.72072072072073,OK,
ADT,temporal,0.25,2,610477,26.48886709724449,3163,160,3001,0.5185185185185185,0.5614035087719298,92.36111111111111,OK,
AD,temporal,0.25,3,610477,26.48886709724449,3163,159,3002,0.8354430379746836,0.9047619047619048,92.33844103930713,OK,
ADT,temporal,0.25,3,610477,26.48886709724449,3163,160,3001,0.509090909090909,0.5614035087719298,90.68181818181819,OK,
AD,temporal,0.25,4,610477,26.48886709724449,3163,159,3002,0.8311688311688312,0.8941176470588236,92.95967190704032,OK,
ADT,temporal,0.25,4,610477,26.48886709724449,3163,160,3001,0.5185185185185185,0.5263157894736842,98.51851851851852,OK,
AD,temporal,0.5,0,1275967,55.36477260153906,3165,159,3005,0.8888888888888888,0.8809523809523809,100.9009009009009,OK,
ADT,temporal,0.5,0,1275967,55.36477260153906,3165,160,3004,0.509090909090909,0.49122807017543857,103.63636363636364,OK,
AD,temporal,0.5,1,1275967,55.36477260153906,3165,159,3005,0.8461538461538461,0.8809523809523809,96.04989604989605,OK,
ADT,temporal,0.5,1,1275967,55.36477260153906,3165,160,3004,0.509090909090909,0.5862068965517241,86.84491978609626,OK,
AD,temporal,0.5,2,1275967,55.36477260153906,3165,159,3005,0.891566265060241,0.891566265060241,100.0,OK,
ADT,temporal,0.5,2,1275967,55.36477260153906,3165,160,3004,0.49056603773584906,0.5614035087719298,87.38207547169812,OK,
AD,temporal,0.5,3,1275967,55.36477260153906,3165,159,3005,0.891566265060241,0.9047619047619048,98.54153455928979,OK,
ADT,temporal,0.5,3,1275967,55.36477260153906,3165,160,3004,0.5185185185185185,0.5614035087719298,92.36111111111111,OK,
AD,temporal,0.5,4,1275967,55.36477260153906,3165,159,3005,0.8780487804878049,0.8941176470588236,98.20282413350449,OK,
ADT,temporal,0.5,4,1275967,55.36477260153906,3165,160,3004,0.4727272727272727,0.5263157894736842,89.81818181818183,OK,
AD,temporal,1.0,0,2304655,100.0,3166,159,3007,0.8809523809523809,0.8809523809523809,100.0,OK,
ADT,temporal,1.0,0,2304655,100.0,3166,161,3005,0.49122807017543857,0.49122807017543857,100.0,OK,
AD,temporal,1.0,1,2304655,100.0,3166,159,3007,0.8809523809523809,0.8809523809523809,100.0,OK,
ADT,temporal,1.0,1,2304655,100.0,3166,161,3005,0.5862068965517241,0.5862068965517241,100.0,OK,
AD,temporal,1.0,2,2304655,100.0,3166,159,3007,0.891566265060241,0.891566265060241,100.0,OK,
ADT,temporal,1.0,2,2304655,100.0,3166,161,3005,0.5614035087719298,0.5614035087719298,100.0,OK,
AD,temporal,1.0,3,2304655,100.0,3166,159,3007,0.9047619047619048,0.9047619047619048,100.0,OK,
ADT,temporal,1.0,3,2304655,100.0,3166,161,3005,0.5614035087719298,0.5614035087719298,100.0,OK,
AD,temporal,1.0,4,2304655,100.0,3166,159,3007,0.8941176470588236,0.8941176470588236,100.0,OK,
ADT,temporal,1.0,4,2304655,100.0,3166,161,3005,0.5263157894736842,0.5263157894736842,100.0,OK,
