task,target_rate,18F_retention_mean,18F_retention_sd,16F_retention_mean,16F_retention_sd
VC,0.01,82.18895947529971,2.5560272575856575,87.10653651044677,3.7972120309441606
VC,0.05,81.31768968032142,2.674220910756737,83.72511601106848,1.1213662046638402
VC,0.1,83.94332785744368,3.268800434510713,85.58527108964338,1.3631370803306049
VC,0.25,87.11111324702523,1.5366339626146148,96.0169673059485,0.97987082216396
VC,0.5,95.26181992329026,2.051528139699781,101.42032889869432,2.190434933317678
FD,0.01,53.15095385310493,9.763393743115437,53.15305080940358,8.56298520533695
FD,0.05,52.94745803379154,7.523176028616791,57.98134829409372,6.013803642208579
FD,0.1,55.74720210664911,4.3289730230393335,59.881042691363405,1.0310071592918375
FD,0.25,84.90442311311878,9.200602033196189,85.25578823394771,3.1916603804602004
FD,0.5,93.73856792558092,5.510642484042642,96.03531325556466,3.234434127277528
AD,0.01,69.12417586759693,1.1920480336236967,89.5972255680911,1.6741440092958917
AD,0.05,85.58001921891994,6.815477556640804,94.66164204812358,4.913244828451264
AD,0.1,82.66171739183535,4.365752945272834,96.7691282609899,2.2093748035056953
AD,0.25,91.16685020718715,3.140320802726398,97.91780821917808,1.990591416615988
AD,0.5,100.55898095050854,1.616576952733176,97.92547578083436,3.0119184072355285
ADT,0.01,11.248561704886152,3.9359279985121094,40.39634133537364,7.661767357314558
ADT,0.05,44.65939100325251,12.519938893809858,70.22991545233786,3.663441253981405
ADT,0.1,79.93515944839474,7.260928809947999,88.21529434321903,5.786485827910121
ADT,0.25,66.16987335359674,5.514548576317524,85.13516987519662,3.864653151096875
ADT,0.5,81.05494230037029,9.322265458821333,99.33448421813549,3.530459515056055
