task,strategy,target_rate,retention_18F_mean,retention_18F_sd,retention_16F_mean,retention_16F_sd,retention_difference_16F_minus_18F,absolute_f1_18F_mean,absolute_f1_18F_sd,absolute_f1_16F_mean,absolute_f1_16F_sd,absolute_f1_difference_16F_minus_18F,valid_vessels_18F_mean,valid_vessels_16F_mean
VC,Random,0.01,77.5417458244882,2.2816280423011963,87.12425699030685,3.8214550113339025,9.582511165818644,0.4598701959534421,0.010814588203315,0.4972275334645039,0.022395398491214327,0.037357337511061794,2342.8,2342.8
VC,Random,0.05,65.40720321340015,4.3894720041871,90.609289012964,1.6525096599079954,25.202085799563847,0.3877397489509666,0.0220506568294821,0.5171338557190038,0.012070418838707013,0.12939410676803725,2984.8,2984.8
VC,Random,0.1,64.42144780524421,6.759268217313855,94.65176179955941,4.032150530228368,30.230313994315196,0.3817138967168897,0.0356605489634296,0.5399810299739326,0.017354288444948452,0.1582671332570429,3091.0,3091.0
VC,Random,0.25,69.26322069208354,5.3283736366857,98.57480908474312,3.2202488111663814,29.311588392659587,0.4107710656368423,0.0308086563485738,0.5624592909082964,0.014758056966715883,0.1516882252714541,3140.2,3140.2
VC,Random,0.5,86.63634624340496,2.4205206333938474,99.7399276119024,1.2963424117102829,13.103581368497444,0.5138165726181176,0.0115969396287199,0.5692195833045861,0.009359799116850823,0.05540301068646847,3154.6,3154.6
VC,Random,1.0,100.0,0.0,100.0,0.0,0.0,0.5931772680035655,0.0078420289424332,0.5707184459703514,0.00733562904706803,-0.022458822033214143,3166.0,3166.0
VC,Stratified,0.01,75.60247217148662,4.131333231010426,87.5944622257645,4.556233387256062,11.991990054277878,0.4482199831284184,0.0194725154914245,0.4997397252584963,0.022376825208498163,0.05151974213007793,2337.6,2337.6
VC,Stratified,0.05,67.33142441255383,4.868740634815734,91.39534774323508,3.0273656299608778,24.06392333068125,0.3990979407333755,0.0241508924509319,0.5214406951914625,0.011224871270232598,0.12234275445808701,2982.6,2982.6
VC,Stratified,0.1,64.91133263395538,5.78466952831495,94.62238573038599,3.9219378291923626,29.711053096430604,0.3847564817462766,0.0307368444152526,0.53989575923511,0.019321209194421304,0.15513927748883344,3085.8,3085.8
VC,Stratified,0.25,66.83714656413119,2.7325201929015366,97.95708678889953,2.264694053275358,31.119940224768342,0.3963120991997538,0.0121224548489301,0.55895506182072,0.008586910251020234,0.16264296262096617,3141.0,3141.0
VC,Stratified,0.5,87.58991256720546,2.5074816042537513,101.26982193610931,2.076213020110006,13.67990936890385,0.519435731997737,0.0102629674894408,0.57784750714215,0.005060925694506428,0.05841177514441309,3155.0,3155.0
VC,Stratified,1.0,100.0,0.0,100.0,0.0,0.0,0.5931772680035655,0.0078420289424332,0.5707184459703514,0.00733562904706803,-0.022458822033214143,3166.0,3166.0
VC,Spatial,0.01,65.74198276760944,5.172978519907254,75.97857966287829,2.527503404363808,10.236596895268846,0.3896993457505096,0.0270179597083629,0.43350722960386345,0.010774560949376113,0.04380788385335388,1715.8,1715.8
VC,Spatial,0.05,72.88808714023006,3.102041281355935,92.176015068511,2.7830806890291426,19.28792792828095,0.4321965622395195,0.0141352133856186,0.5259993009059025,0.014488741565595544,0.093802738666383,2772.0,2772.0
VC,Spatial,0.1,68.29402885122263,5.630040412307884,96.17477605404623,2.270685666045855,27.8807472028236,0.4048966493338112,0.0304022434380597,0.5487875829877163,0.009064409734632507,0.14389093365390515,2956.6,2956.6
VC,Spatial,0.25,74.40414219411545,1.5495391403155991,97.32539393972353,2.3583521106400207,22.921251745608075,0.4413099675667412,0.0087033328359154,0.5553304083222296,0.007925057168821244,0.1140204407554884,3097.0,3097.0
VC,Spatial,0.5,91.75252536260804,1.9225642925361897,100.29340168532158,1.2535241753485404,8.540876322713544,0.5441559423222329,0.0067886917874305,0.5723670706708746,0.008242980382618335,0.0282111283486417,3145.4,3145.4
VC,Spatial,1.0,100.0,0.0,100.0,0.0,0.0,0.5931772680035655,0.0078420289424332,0.5707184459703514,0.00733562904706803,-0.022458822033214143,3166.0,3166.0
VC,Importance,0.01,19.119474532128645,2.922152604400676,52.43825030258097,2.035497475712626,33.31877577045232,0.1133966151505777,0.0172302640507087,0.2991988596542657,0.0096943149795814,0.18580224450368799,2182.6,2182.6
VC,Importance,0.05,15.367041280448458,0.941707146153378,61.06713614983096,2.490662758605786,45.7000948693825,0.0911706128289348,0.0060079039084735,0.3483982714870256,0.0107378162307243,0.25722765865809083,2931.6,2931.6
VC,Importance,0.1,17.597080263984104,1.1692567316602462,67.35074189439447,2.2018764956978316,49.75366163041037,0.104410964819842,0.0075796606750498,0.3842759619680904,0.009050765725993386,0.2798649971482484,3038.4,3038.4
VC,Importance,0.25,28.42719888685382,1.732678002878716,77.36902887813372,1.7072954492963406,48.9418299912799,0.1685432348470623,0.0087754644204315,0.44151016517221586,0.008519254715917544,0.27296693032515357,3122.8,3122.8
VC,Importance,0.5,46.34149903137909,1.0639058750530608,88.38618461380395,1.4463136766789473,42.04468558242486,0.2748624626474935,0.0059449630600341,0.5043735147182283,0.005606619569599284,0.22951105207073486,3149.0,3149.0
VC,Importance,1.0,100.0,0.0,100.0,0.0,0.0,0.5931772680035655,0.0078420289424332,0.5707184459703514,0.00733562904706803,-0.022458822033214143,3166.0,3166.0
VC,Adaptive,0.01,67.45798473532439,3.0967641570669304,76.81412141654245,3.1416403176489993,9.35613668121806,0.4000362409976747,0.0160367381876403,0.4384051516897447,0.01911611141706141,0.03836891069206999,1830.8,1830.8
VC,Adaptive,0.05,68.83647622815356,2.2493828321190077,86.88685464434307,5.123530133532599,18.050378416189517,0.4082329615462304,0.0106994779056948,0.4956991348496723,0.02581689028670021,0.08746617330344192,2452.6,2452.6
VC,Adaptive,0.1,72.95215891990799,3.2519380900876302,88.51813498069897,1.8962221439850582,15.565976060790987,0.4326226787340701,0.016709024203555,0.5051807327562986,0.01218858403604975,0.07255805402222848,2612.8,2612.8
VC,Adaptive,0.25,84.26908960985718,2.313387516791891,88.82267985346161,1.8648025103478492,4.553590243604432,0.4998616904353521,0.014997754265181,0.5068508320186208,0.007634228033292871,0.006989141583268688,2769.6,2769.6
VC,Adaptive,0.5,91.34978316695953,3.142412301404482,98.10749560000485,1.3199376394096127,6.757712433045327,0.5417241628793429,0.014412990247399,0.5599329576153529,0.011376850014450242,0.018208794736010003,3159.4,3159.4
VC,Adaptive,1.0,100.0,0.0,100.0,0.0,0.0,0.5931772680035655,0.0078420289424332,0.5707184459703514,0.00733562904706803,-0.022458822033214143,3166.0,3166.0
VC,Temporal,0.01,82.18895947529971,2.5560272575856575,87.10653651044677,3.7972120309441606,4.917577035147062,0.4875445723743071,0.0170966244502992,0.4969747802503817,0.017624183132024202,0.009430207876074626,2975.0,2975.0
VC,Temporal,0.05,81.31768968032142,2.674220910756737,83.72511601106848,1.1213662046638402,2.4074263307470574,0.4822935875036663,0.0146515946127563,0.477788006613393,0.004785288002851121,-0.0045055808902733085,3123.0,3123.0
VC,Temporal,0.1,83.94332785744368,3.268800434510713,85.58527108964338,1.3631370803306049,1.6419432321997078,0.4977413741931438,0.0137718265238957,0.4883831556625429,0.004174428855213994,-0.00935821853060087,3150.0,3150.0
VC,Temporal,0.25,87.11111324702523,1.5366339626146148,96.0169673059485,0.97987082216396,8.905854058923268,0.5167037259765352,0.0101521290241993,0.5479418671568933,0.004411622803989172,0.03123814118035806,3163.0,3163.0
VC,Temporal,0.5,95.26181992329026,2.051528139699781,101.42032889869431,2.190434933317678,6.158508975404047,0.5650227196686858,0.0115931489042618,0.5787048934095671,0.006332180436595764,0.01368217374088132,3165.0,3165.0
VC,Temporal,1.0,100.0,0.0,100.0,0.0,0.0,0.5931772680035655,0.0078420289424332,0.5707184459703514,0.00733562904706803,-0.022458822033214143,3166.0,3166.0
FD,Random,0.01,33.466045133972386,21.445047390260132,85.00486855245337,9.412263152291635,51.53882341848099,0.1828837599869332,0.1158246428980643,0.4502071575282104,0.05104746504626354,0.2673233975412772,2342.8,2342.8
FD,Random,0.05,24.11992473871907,17.458511309039853,81.95114719462546,5.9621823743735245,57.83122245590639,0.1341021910345518,0.0982809282597706,0.4336879488183835,0.02618976766072328,0.29958575778383173,2984.8,2984.8
FD,Random,0.1,23.232902371053957,8.386602735371108,71.79587879844732,6.52274987576362,48.562976427393366,0.1279945279465586,0.0484351075239638,0.380103707101434,0.03319415108370055,0.2521091791548754,3091.0,3091.0
FD,Random,0.25,36.72731379816316,7.377690695797824,92.86388969716465,5.537630491769552,56.13657589900149,0.202658764930525,0.0459005340868311,0.4917587542060115,0.02931590497446605,0.2890999892754865,3140.2,3140.2
FD,Random,0.5,79.60807081887229,3.557921659301832,100.10291187730977,4.412405888817336,20.494841058437473,0.4376492657001929,0.0307170897955999,0.5302109070531598,0.026391404416314934,0.09256164135296685,3154.6,3154.6
FD,Random,1.0,100.0,0.0,100.0,0.0,0.0,0.5493090266507987,0.0179200890253313,0.5295944519438078,0.0074263672983520814,-0.019714574706990895,3166.0,3166.0
FD,Stratified,0.01,37.24201234884481,22.47873892732063,86.28396276206985,8.903685107899152,49.04195041322504,0.204180883248004,0.1242750190731561,0.4567233391246795,0.04437961909353809,0.25254245587667545,2337.6,2337.6
FD,Stratified,0.05,26.890707004864204,12.751234765080197,74.0728577431343,9.146616753487354,47.1821507382701,0.1469106686683357,0.0681809483832795,0.39234642851483864,0.04945259853593248,0.24543575984650295,2982.6,2982.6
FD,Stratified,0.1,29.213039485766764,15.010865472125776,80.11829220524874,8.078337723454798,50.90525271948197,0.1586676286676286,0.0764159902378474,0.42455150802976893,0.046203785274369934,0.2658838793621403,3085.8,3085.8
FD,Stratified,0.25,46.74738870473545,9.115500587036848,95.38945162215913,9.196459446020508,48.64206291742368,0.2577122881960583,0.0546074169077001,0.5046436896436897,0.04116385724321114,0.24693140144763137,3141.0,3141.0
FD,Stratified,0.5,79.92884580208525,6.272214208710701,101.86867362280627,6.4978921598105055,21.93982782072102,0.4384316711077275,0.026289932166102,0.5393470752752227,0.03236797572216611,0.10091540416749523,3155.0,3155.0
FD,Stratified,1.0,100.0,0.0,100.0,0.0,0.0,0.5493090266507987,0.0179200890253313,0.5295944519438078,0.0074263672983520814,-0.019714574706990895,3166.0,3166.0
FD,Spatial,0.01,10.921600742851984,10.398442284560378,52.71631236746831,18.171700864756954,41.794711624616326,0.059078756397525,0.0555921388824455,0.2781374391862007,0.09162019801506449,0.2190586827886757,1715.8,1715.8
FD,Spatial,0.05,19.730469965764083,23.572253607497927,82.29259935773806,6.786406284823804,62.56212939197397,0.1051650745768392,0.1221337066873576,0.4359946141786314,0.03925423860773181,0.3308295396017922,2772.0,2772.0
FD,Spatial,0.1,9.902548431960197,11.912302664600288,71.80724057265492,9.372778537293922,61.90469214069472,0.0528573822691469,0.0621155964941301,0.3802161929528972,0.04922506264436887,0.32735881068375033,2956.6,2956.6
FD,Spatial,0.25,24.597830143736072,7.674714016177809,76.22213279916551,7.314644029616566,51.62430265542943,0.135784701891951,0.0440857184716159,0.4036894272691104,0.039654721559912474,0.26790472537715937,3097.0,3097.0
FD,Spatial,0.5,43.44964354641775,2.2544097464610355,83.0101740759217,8.587160599075748,39.56053052950395,0.2385190436803339,0.0113177017102502,0.43921031725909776,0.04067375400344126,0.20069127357876387,3145.4,3145.4
FD,Spatial,1.0,100.0,0.0,100.0,0.0,0.0,0.5493090266507987,0.0179200890253313,0.5295944519438078,0.0074263672983520814,-0.019714574706990895,3166.0,3166.0
FD,Importance,0.01,25.780256705810224,2.3943387061970123,44.245625237232176,5.693113137808907,18.46536853142195,0.1413586377683221,0.0103387304119587,0.2341927478394384,0.029244572377762155,0.09283411007111628,2182.6,2182.6
FD,Importance,0.05,24.13162378879641,1.505654999952182,54.937166294077755,3.410823218606442,30.805542505281345,0.1323455074725371,0.0037760420289879,0.29100714344713285,0.019705943529656406,0.15866163597459576,2931.6,2931.6
FD,Importance,0.1,24.235231926511197,1.0213305246056334,62.86595526150327,4.398703097161025,38.63072333499207,0.1329919242310116,0.0023634041340948,0.3327594647733193,0.02048274194877421,0.1997675405423077,3038.4,3038.4
FD,Importance,0.25,25.880039645264656,0.4898257780843203,67.88532711135282,3.9523166045760436,42.00528746608816,0.1421124942459521,0.0034402487186596,0.3592986421846735,0.016255221733246207,0.2171861479387214,3122.8,3122.8
FD,Importance,0.5,31.85893008371776,1.4569781666575483,86.58277519338671,3.2172825215440297,54.72384510966895,0.1748705421536166,0.0062303841618119,0.4585468458379992,0.018465912034373595,0.28367630368438257,3149.0,3149.0
FD,Importance,1.0,100.0,0.0,100.0,0.0,0.0,0.5493090266507987,0.0179200890253313,0.5295944519438078,0.0074263672983520814,-0.019714574706990895,3166.0,3166.0
FD,Adaptive,0.01,64.83026283793545,10.368936544416815,79.36514088246254,7.559069581294602,14.53487804452709,0.3571623684654326,0.0647476279573917,0.42059115362016575,0.04345575489395798,0.06342878515473316,1830.8,1830.8
FD,Adaptive,0.05,22.646462638238955,11.959303736077082,78.63534493917386,8.512872583759146,55.988882300934904,0.1249915654520917,0.0675782615896748,0.4161750546602641,0.042598224450279956,0.2911834892081724,2452.6,2452.6
FD,Adaptive,0.1,31.6472678879912,13.948055734650694,81.83218013713301,4.16862747516434,50.1849122491418,0.1735507029886837,0.0764240304444019,0.4331750066131342,0.01711499119459621,0.2596243036244505,2612.8,2612.8
FD,Adaptive,0.25,57.99723650424873,8.794589985304379,81.51745233666588,4.6242926487953895,23.52021583241715,0.3178442887082786,0.0432494218666825,0.43158496732026136,0.02228967200248931,0.11374067861198278,2769.6,2769.6
FD,Adaptive,0.5,83.02833326120997,6.191111462170267,87.56727095283998,6.996748755092552,4.538937691630011,0.455264799045621,0.0204595323671339,0.46346025726438783,0.032430205282434676,0.008195458218766827,3159.4,3159.4
FD,Adaptive,1.0,100.0,0.0,100.0,0.0,0.0,0.5493090266507987,0.0179200890253313,0.5295944519438078,0.0074263672983520814,-0.019714574706990895,3166.0,3166.0
FD,Temporal,0.01,53.15095385310493,9.763393743115437,53.15305080940358,8.56298520533695,0.0020969562986508095,0.2917091107266941,0.0535411300828901,0.28162009260020937,0.04627852034514776,-0.010089018126484717,2975.0,2975.0
FD,Temporal,0.05,52.94745803379154,7.523176028616791,57.98134829409372,6.013803642208579,5.033890260302179,0.2903928339882771,0.0381036043071868,0.30710209539541145,0.03252420123384092,0.016709261407134357,3123.0,3123.0
FD,Temporal,0.1,55.74720210664911,4.3289730230393335,59.881042691363405,1.0310071592918375,4.133840584714292,0.3057155657962109,0.0166237318154164,0.31712587443327495,0.007036401507029245,0.011410308637064048,3150.0,3150.0
FD,Temporal,0.25,84.90442311311878,9.200602033196189,85.25578823394771,3.1916603804602004,0.35136512082893034,0.4656158623984711,0.0428134110626782,0.45138834812385775,0.013758043232475254,-0.014227514274613329,3163.0,3163.0
FD,Temporal,0.5,93.73856792558092,5.510642484042642,96.03531325556466,3.234434127277528,2.296745329983736,0.5143203463203463,0.0211743966292033,0.5085244870715868,0.015835957018061498,-0.005795859248759472,3165.0,3165.0
FD,Temporal,1.0,100.0,0.0,100.0,0.0,0.0,0.5493090266507987,0.0179200890253313,0.5295944519438078,0.0074263672983520814,-0.019714574706990895,3166.0,3166.0
AD,Random,0.01,59.839731593615696,5.922023021771102,86.04643403851102,6.037154323853935,26.206702444895328,0.537133904529189,0.0510451497660671,0.804908172946598,0.06125966816055464,0.26777426841740903,2342.8,2342.8
AD,Random,0.05,75.03846935425882,4.587293907515967,91.24887960454274,2.2399408391595914,16.210410250283914,0.6736996336996337,0.0399975847598323,0.8533396072526507,0.02533671967958369,0.17963997355301697,2984.8,2984.8
AD,Random,0.1,84.69177625636671,4.396650764737382,93.02454233629128,3.7199679181548824,8.332766079924568,0.7605636719647161,0.0426771083243126,0.8699676126394411,0.03794876361115688,0.10940394067472503,3091.0,3091.0
AD,Random,0.25,94.7864248650952,3.057281084332645,97.34626870222357,2.2234896510184328,2.559843837128369,0.85089338731444,0.0200944043995985,0.910168332716278,0.014837106894703873,0.059274945401837975,3140.2,3140.2
AD,Random,0.5,98.08912828200684,2.3719622916468017,96.23724440028354,1.122176643259067,-1.851883881723296,0.8805786370463107,0.012656956996002,0.8999245373708243,0.013594369973761991,0.019345900324513665,3154.6,3154.6
AD,Random,1.0,100.0,0.0,100.0,0.0,0.0,0.8979163713678242,0.0099817983840195,0.9351301986918426,0.011326117550026535,0.037213827324018345,3166.0,3166.0
AD,Stratified,0.01,59.74396280391261,4.0428931441391285,78.95260562110656,5.3614676665369885,19.208642817193947,0.5361825558976719,0.0318291742453936,0.7384974023526878,0.05434214226058965,0.20231484645501585,2337.6,2337.6
AD,Stratified,0.05,75.95779903674641,6.327863361480005,93.35633659716771,2.0768643793808694,17.398537560421303,0.6823026646556059,0.0611058302633793,0.8729956071549407,0.021780011883234255,0.19069294249933488,2982.6,2982.6
AD,Stratified,0.1,84.89357769078728,5.624989275003857,95.81153831395571,3.0290238032331556,10.917960623168426,0.762323322516715,0.0519507585722043,0.8957279197005225,0.019863511664688763,0.13340459718380748,3085.8,3085.8
AD,Stratified,0.25,90.4839164811464,3.0896097157328737,95.58623977710012,1.129311641110347,5.102323295953724,0.8123725365830629,0.0254443102943049,0.8937635930964323,0.004747639765868401,0.08139105651336942,3141.0,3141.0
AD,Stratified,0.5,98.1922191911056,3.4067873369121555,96.75878859113939,1.1138144614842522,-1.4334305999662007,0.881419360996205,0.0215383211293456,0.9047464551790434,0.007802252739264631,0.023327094182838404,3155.0,3155.0
AD,Stratified,1.0,100.0,0.0,100.0,0.0,0.0,0.8979163713678242,0.0099817983840195,0.9351301986918426,0.011326117550026535,0.037213827324018345,3166.0,3166.0
AD,Spatial,0.01,31.7532898784607,26.70969492945686,56.44303611834694,22.962684769558727,24.68974623988624,0.2859564781008625,0.2408253516941806,0.5275822191772209,0.21475918119561344,0.24162574107635842,1715.8,1715.8
AD,Spatial,0.05,73.18667139883209,9.223262606990923,92.14887365051779,3.677177002765655,18.962202251685696,0.6568810882581303,0.0802484173090975,0.8613988486111248,0.024802904299147596,0.20451776035299452,2772.0,2772.0
AD,Spatial,0.1,84.64470027399089,4.4266934158684474,95.62852871940913,1.929997699865288,10.98382844541824,0.7597881110924589,0.0344086184307289,0.8942326781814571,0.02008629408979595,0.1344445670889982,2956.6,2956.6
AD,Spatial,0.25,88.35651080063482,2.9054601985477,97.5476638143842,3.9766540534875174,9.191153013749371,0.7932043795778475,0.0208567051200853,0.9119482496194825,0.030795599188597585,0.118743870041635,3097.0,3097.0
AD,Spatial,0.5,92.76071763929568,4.7121020696259475,98.72237832041941,2.041911608713381,5.961660681123732,0.832734342979957,0.0386508602478659,0.9230387806289793,0.012443457354324282,0.0903044376490223,3145.4,3145.4
AD,Spatial,1.0,100.0,0.0,100.0,0.0,0.0,0.8979163713678242,0.0099817983840195,0.9351301986918426,0.011326117550026535,0.037213827324018345,3166.0,3166.0
AD,Importance,0.01,60.80612890437823,2.892435273398896,83.0374769245029,3.8481661839041075,22.23134802012467,0.5458558082143486,0.0229613286950714,0.7764432967129163,0.035357385569271274,0.2305874884985677,2182.6,2182.6
AD,Importance,0.05,72.04452833865126,4.102002859383401,94.87192445053138,2.1212015972901272,22.82739611188012,0.6470787882533503,0.0412953655892535,0.8870713167896266,0.01649789504239847,0.23999252853627628,2931.6,2931.6
AD,Importance,0.1,75.3546698896847,6.374236112338828,94.01657188697075,2.7059244068444066,18.66190199728605,0.6766664636869241,0.0581517855013465,0.8789425441538118,0.015277306015303794,0.20227608046688772,3038.4,3038.4
AD,Importance,0.25,86.96209238386601,3.066440603921567,92.57810805922472,2.2986101410366673,5.61601567535871,0.780748811433743,0.0252330000325795,0.8656978641771234,0.022779188803850325,0.08494905274338038,3122.8,3122.8
AD,Importance,0.5,91.56419901514838,4.408643680894697,95.91784462026203,1.4235542796375589,4.353645605113655,0.8220283134586932,0.036758324405514,0.8969120078983093,0.013950545311469782,0.07488369443961607,3149.0,3149.0
AD,Importance,1.0,100.0,0.0,100.0,0.0,0.0,0.8979163713678242,0.0099817983840195,0.9351301986918426,0.011326117550026535,0.037213827324018345,3166.0,3166.0
AD,Adaptive,0.01,14.364853521363216,18.740142573110163,18.03962180244205,9.928386245736592,3.6747682810788334,0.128856990962254,0.1674315403370929,0.16911045593972415,0.0942616937928306,0.04025346497747015,1830.8,1830.8
AD,Adaptive,0.05,41.184259960776046,13.952866978696758,60.410476190476196,19.286639296027584,19.22621622970015,0.370252012280322,0.1269879488995443,0.5636190476190477,0.17476404565965162,0.19336703533872568,2452.6,2452.6
AD,Adaptive,0.1,71.88202944975826,15.031403296280596,85.69075224843442,11.387705280112357,13.808722798676158,0.6455291148468293,0.1351424026048364,0.8007751793616587,0.10266262209761634,0.15524606451482936,2612.8,2612.8
AD,Adaptive,0.25,93.52753886576602,3.2686077029961744,96.71116633417789,2.780998693739165,3.1836274684118706,0.8396121071910546,0.0236946421125097,0.9042782111236676,0.024035540927244605,0.06466610393261296,2769.6,2769.6
AD,Adaptive,0.5,100.52986030667576,1.0759898765714042,97.16713063770752,0.684971602926182,-3.3627296689682424,0.9026472886388496,0.0114856945023861,0.90859219242395,0.007452983963894123,0.005944903785100375,3159.4,3159.4
AD,Adaptive,1.0,100.0,0.0,100.0,0.0,0.0,0.8979163713678242,0.0099817983840195,0.9351301986918426,0.011326117550026535,0.037213827324018345,3166.0,3166.0
AD,Temporal,0.01,69.12417586759693,1.1920480336236967,89.5972255680911,1.6741440092958915,20.473049700494172,0.6206349206349207,0.009760614187499,0.8377384178849996,0.010588277117486944,0.21710349725007894,2975.0,2975.0
AD,Temporal,0.05,85.58001921891994,6.815477556640804,94.66164204812358,4.913244828451264,9.081622829203639,0.7684702408773662,0.0620660147886506,0.8851579588357081,0.04577547085639831,0.11668771795834199,3123.0,3123.0
AD,Temporal,0.1,82.66171739183535,4.365752945272834,96.7691282609899,2.2093748035056953,14.107410869154549,0.7420483286973825,0.035392018965234,0.9048370282578269,0.01925485182926549,0.1627886995604444,3150.0,3150.0
AD,Temporal,0.25,91.16685020718715,3.140320802726398,97.91780821917807,1.990591416615988,6.750958011990917,0.8186626911933329,0.0315177491212069,0.9155127730470196,0.011609041153508203,0.09685008185368671,3163.0,3163.0
AD,Temporal,0.5,100.55898095050854,1.616576952733176,97.92547578083436,3.0119184072355285,-2.63350516967418,0.9028382986067384,0.009527186573504,0.9155066024929039,0.020168600314108335,0.012668303886165577,3165.0,3165.0
AD,Temporal,1.0,100.0,0.0,100.0,0.0,0.0,0.8979163713678242,0.0099817983840195,0.9351301986918426,0.011326117550026535,0.037213827324018345,3166.0,3166.0
ADT,Random,0.01,7.206786850477201,9.924776305164029,39.94912391816416,15.838088686793423,32.74233706768696,0.0369034994697773,0.0506710944950768,0.2305608987961929,0.0912481773075752,0.1936573993264156,2342.8,2342.8
ADT,Random,0.05,54.50163265306123,16.953281617462725,75.8115797368703,6.608152946395004,21.30994708380907,0.2811836734693876,0.0872229235961876,0.4370338414341865,0.039661004700835646,0.1558501679647989,2984.8,2984.8
ADT,Random,0.1,68.84761564200147,8.13967540811732,82.7591054534999,4.790341074451981,13.911489811498427,0.3545603347722067,0.0367698838284869,0.47660359039707706,0.01579112371975843,0.12204325562487034,3091.0,3091.0
ADT,Random,0.25,67.14549936723189,12.714909659947992,94.46825610223193,4.719707529689266,27.32275673500004,0.3459925737889263,0.0629436116381994,0.5444294773327031,0.02538278410610165,0.1984369035437768,3140.2,3140.2
ADT,Random,0.5,70.5767106842737,8.616147193954829,93.64548350562349,7.137465962836894,23.068772821349782,0.3638799519807923,0.0431214469450624,0.539611581920904,0.038835727567231325,0.17573162994011166,3154.6,3154.6
ADT,Random,1.0,100.0,0.0,100.0,0.0,0.0,0.5157927734697243,0.0113786298663188,0.5766677175283732,0.01961968281613348,0.060874944058648905,3166.0,3166.0
ADT,Stratified,0.01,23.398644833427444,20.903940124763427,42.18588240380505,12.57899242251002,18.78723757037761,0.1203557312252964,0.1076915533743816,0.24215251004859292,0.06959250573930204,0.12179677882329652,2337.6,2337.6
ADT,Stratified,0.05,39.07237559974813,13.930442744853522,75.20351432508546,10.453397581822378,36.13113872533734,0.2006762701403752,0.0677408588632085,0.4327591002921606,0.053591424203111734,0.23208283015178538,2982.6,2982.6
ADT,Stratified,0.1,52.97383775644645,19.47590086239232,82.53677125231381,7.154041717350891,29.562933495867362,0.2720383963862224,0.0952586775449262,0.4759287665186937,0.0429558522291216,0.2038903701324713,3085.8,3085.8
ADT,Stratified,0.25,61.08486998499014,14.134636353343309,92.24319495766613,6.939805501468737,31.15832497267599,0.3156087144635953,0.0756626090566556,0.5316532258064516,0.039940223447189754,0.2160445113428563,3141.0,3141.0
ADT,Stratified,0.5,62.3844376899696,10.349950472496127,96.11431186815975,5.029388836771113,33.729874178190144,0.3222127659574468,0.0573114243953948,0.5536753040719196,0.02017851298608029,0.23146253811447276,3155.0,3155.0
ADT,Stratified,1.0,100.0,0.0,100.0,0.0,0.0,0.5157927734697243,0.0113786298663188,0.5766677175283732,0.01961968281613348,0.060874944058648905,3166.0,3166.0
ADT,Spatial,0.01,5.864285714285714,5.356333272160068,23.408922324756666,10.160726315821393,17.544636610470953,0.03,0.0273861278752583,0.13572946859903373,0.06187990573133846,0.10572946859903373,1715.8,1715.8
ADT,Spatial,0.05,34.51643704330401,15.65726547127917,58.33051030454529,22.180633111739418,23.814073261241283,0.1786200816693377,0.0821026172368414,0.3379709125029322,0.13118927749093212,0.1593508308335945,2772.0,2772.0
ADT,Spatial,0.1,58.309859943977585,8.651052247839681,77.22690706998934,7.040740708939557,18.917047126011752,0.3013660130718954,0.0492754131591528,0.4460291438979963,0.05171345124354245,0.14466313082610088,2956.6,2956.6
ADT,Spatial,0.25,74.72699849170438,11.249261602294034,85.81098060821424,12.83011611837824,11.083982116509858,0.3844953365961769,0.0505560148656141,0.4941194581280787,0.06821988001990392,0.10962412153190182,3097.0,3097.0
ADT,Spatial,0.5,53.29646871783782,16.048478198881728,96.09841634381678,9.825621215729168,42.80194762597896,0.2739618198637625,0.077487582562106,0.5529781420765028,0.04243869554724272,0.27901632221274025,3145.4,3145.4
ADT,Spatial,1.0,100.0,0.0,100.0,0.0,0.0,0.5157927734697243,0.0113786298663188,0.5766677175283732,0.01961968281613348,0.060874944058648905,3166.0,3166.0
ADT,Importance,0.01,0.0,0.0,22.37207591575813,10.18618776661986,22.37207591575813,0.0,0.0,0.12809887359199,0.056660919242143816,0.12809887359199,2182.6,2182.6
ADT,Importance,0.05,34.72727052226136,11.948444170910005,61.093058927250254,8.376650358997367,26.365788404988898,0.1789449574980907,0.0615855182152089,0.3532217113840664,0.05686797324428861,0.1742767538859757,2931.6,2931.6
ADT,Importance,0.1,36.82413733609386,6.865268408041151,74.14460570697666,9.129928747936859,37.3204683708828,0.1902657004830917,0.0371944991700746,0.427282291057861,0.052813493040289004,0.2370165905747693,3038.4,3038.4
ADT,Importance,0.25,40.53088259170458,5.094202180517851,79.84877665250184,4.8272259962810775,39.31789406079726,0.2088903320810285,0.0253681697749265,0.4609554439946086,0.03977813140203362,0.25206511191358005,3122.8,3122.8
ADT,Importance,0.5,59.698826509327134,6.834625704483165,85.85475557235678,4.761099073088041,26.155929063029646,0.307985398414685,0.0365710203683062,0.4958130770680233,0.04354188990782562,0.18782767865333833,3149.0,3149.0
ADT,Importance,1.0,100.0,0.0,100.0,0.0,0.0,0.5157927734697243,0.0113786298663188,0.5766677175283732,0.01961968281613348,0.060874944058648905,3166.0,3166.0
ADT,Adaptive,0.01,7.321875590848933,7.477991974352669,29.449947708613404,12.763869073864582,22.12807211776447,0.0383607487237662,0.0392909878326773,0.16947461035696326,0.07077018358253791,0.13111386163319705,1830.8,1830.8
ADT,Adaptive,0.05,33.582257356170395,18.50816532500093,54.71402111032118,5.774489704603842,21.131763754150782,0.1721306230001882,0.093252685072728,0.31500178793041794,0.02904962925065353,0.14287116493022975,2452.6,2452.6
ADT,Adaptive,0.1,41.9579104309689,20.177418035991316,53.43468562362773,6.696186919117343,11.476775192658828,0.2167211057655123,0.1033961762037154,0.3076681180454765,0.03537445354618811,0.09094701227996421,2612.8,2612.8
ADT,Adaptive,0.25,55.46863978841172,9.308990387145686,57.58480249314533,10.952842073396893,2.116162704733611,0.285838886896109,0.0468107242236397,0.33100119897358893,0.05551060217507072,0.04516231207747995,2769.6,2769.6
ADT,Adaptive,0.5,79.42025447495561,13.677753081767662,86.06949270437012,5.947213819764598,6.649238229414507,0.409031201579164,0.0663682309006985,0.49621829818627783,0.0354472611457337,0.08718709660711382,3159.4,3159.4
ADT,Adaptive,1.0,100.0,0.0,100.0,0.0,0.0,0.5157927734697243,0.0113786298663188,0.5766677175283732,0.01961968281613348,0.060874944058648905,3166.0,3166.0
ADT,Temporal,0.01,11.248561704886152,3.9359279985121094,40.39634133537364,7.661767357314558,29.14777963048749,0.0578845582475758,0.019668028569675,0.23318946027048132,0.04524804349017936,0.17530490202290552,2975.0,2975.0
ADT,Temporal,0.05,44.65939100325251,12.519938893809858,70.22991545233786,3.663441253981405,25.570524449085354,0.2302446859338625,0.0641246498355845,0.4049926384404353,0.025379881225982618,0.17474795250657282,3123.0,3123.0
ADT,Temporal,0.1,79.93515944839474,7.260928809947999,88.21529434321903,5.786485827910121,8.280134894824286,0.4120135746606335,0.034409678877732,0.5080874316939891,0.025485813902307926,0.09607385703335558,3150.0,3150.0
ADT,Temporal,0.25,66.16987335359674,5.514548576317524,85.13516987519662,3.8646531510968756,18.965296521599882,0.3413262411347517,0.0293068705483022,0.49105663047156173,0.030208898647421007,0.14973038933681004,3163.0,3163.0
ADT,Temporal,0.5,81.05494230037029,9.322265458821333,99.33448421813549,3.530459515056055,18.2795419177652,0.4178571051061934,0.046524954101592,0.5728907768886616,0.029367474758964663,0.15503367178246824,3165.0,3165.0
ADT,Temporal,1.0,100.0,0.0,100.0,0.0,0.0,0.5157927734697243,0.0113786298663188,0.5766677175283732,0.01961968281613348,0.060874944058648905,3166.0,3166.0
