task,strategy,target_rate,retention_18F_mean,retention_18F_sd,retention_16F_fixedlabels_mean,retention_16F_fixedlabels_sd,retention_difference,absolute_f1_18F_mean,absolute_f1_16F_fixedlabels_mean
AD,Random,0.01,59.839731593615696,5.922023021771102,73.88623170842106,4.509272347955143,14.046500114805369,0.537133904529189,0.6577817227158755
AD,Random,0.05,75.03846935425882,4.587293907515967,79.47079051776656,4.84354532796166,4.432321163507737,0.6736996336996337,0.707710428296755
AD,Random,0.1,84.69177625636671,4.396650764737382,86.47342481990488,3.3624425452265454,1.7816485635381696,0.7605636719647161,0.7698121718090848
AD,Random,0.25,94.7864248650952,3.057281084332645,96.67270050383061,2.8471122357827525,1.8862756387354125,0.85089338731444,0.8606545575233117
AD,Random,0.5,98.08912828200684,2.3719622916468017,97.46059911013529,1.6205494928284085,-0.6285291718715484,0.8805786370463107,0.8679258188739152
AD,Random,1.0,100.0,0.0,100.0,0.0,0.0,0.8979163713678242,0.8904701157571463
AD,Stratified,0.01,59.74396280391261,4.0428931441391285,66.50410987080531,6.722147779422557,6.760147066892699,0.5361825558976719,0.5921815889029004
AD,Stratified,0.05,75.95779903674641,6.327863361480005,80.67145542070608,5.971969216875579,4.713656383959673,0.6823026646556059,0.7184375908503281
AD,Stratified,0.1,84.89357769078728,5.624989275003857,90.61341832488972,2.94102783809895,5.7198406341024395,0.762323322516715,0.8069545083243714
AD,Stratified,0.25,90.4839164811464,3.0896097157328737,95.06687281424122,1.428795799360673,4.5829563330948275,0.8123725365830629,0.8465854145854147
AD,Stratified,0.5,98.1922191911056,3.4067873369121555,99.45742276294266,1.6979766639140683,1.2652035718370627,0.881419360996205,0.8856153482169743
AD,Stratified,1.0,100.0,0.0,100.0,0.0,0.0,0.8979163713678242,0.8904701157571463
AD,Spatial,0.01,31.7532898784607,26.70969492945686,45.018629490498824,26.690011104733273,13.265339612038126,0.2859564781008625,0.4004637508085784
AD,Spatial,0.05,73.18667139883209,9.223262606990923,79.97270175478465,4.839876648831779,6.786030355952562,0.6568810882581303,0.7121855511176511
AD,Spatial,0.1,84.64470027399089,4.4266934158684474,88.05332628545358,4.336665693093474,3.4086260114626867,0.7597881110924589,0.7838256571391821
AD,Spatial,0.25,88.35651080063482,2.9054601985477,90.78384469935358,3.3637994626423877,2.427333898718757,0.7932043795778475,0.8082007746751797
AD,Spatial,0.5,92.76071763929568,4.7121020696259475,94.09185360091263,3.044155153366866,1.3311359616169511,0.832734342979957,0.8378398888340228
AD,Spatial,1.0,100.0,0.0,100.0,0.0,0.0,0.8979163713678242,0.8904701157571463
AD,Importance,0.01,60.80612890437823,2.892435273398896,65.47821947902662,3.047418361338169,4.672090574648394,0.5458558082143486,0.5830575910956661
AD,Importance,0.05,72.04452833865126,4.102002859383401,84.03337812055551,4.187210683633925,11.98884978190425,0.6470787882533503,0.7482166828764574
AD,Importance,0.1,75.3546698896847,6.374236112338828,85.72262348315289,4.69492922251459,10.367953593468187,0.6766664636869241,0.7631283457370415
AD,Importance,0.25,86.96209238386601,3.066440603921567,94.20006515462082,1.319042888290161,7.2379727707548085,0.780748811433743,0.8388538914854704
AD,Importance,0.5,91.56419901514838,4.408643680894697,94.90235095369884,1.9098034424232415,3.3381519385504674,0.8220283134586932,0.8450844277673546
AD,Importance,1.0,100.0,0.0,100.0,0.0,0.0,0.8979163713678242,0.8904701157571463
AD,Adaptive,0.01,14.364853521363216,18.740142573110163,17.78451853284107,17.912052508136664,3.4196650114778535,0.128856990962254,0.15886901438854267
AD,Adaptive,0.05,41.184259960776046,13.952866978696758,48.769109824241454,12.437942166674583,7.584849863465408,0.370252012280322,0.43334806142989263
AD,Adaptive,0.1,71.88202944975826,15.031403296280596,74.88743036259716,15.065350530939641,3.005400912838894,0.6455291148468293,0.6659447594658863
AD,Adaptive,0.25,93.52753886576602,3.2686077029961744,93.51225031168133,1.822984747533521,-0.015288554084690986,0.8396121071910546,0.8326784528889792
AD,Adaptive,0.5,100.52986030667576,1.0759898765714042,100.5028559294902,0.6342765778790893,-0.02700437718556259,0.9026472886388496,0.8949181846248843
AD,Adaptive,1.0,100.0,0.0,100.0,0.0,0.0,0.8979163713678242,0.8904701157571463
AD,Temporal,0.01,69.12417586759693,1.1920480336236967,76.97078011689166,4.352191428400275,7.846604249294728,0.6206349206349207,0.6855117270788913
AD,Temporal,0.05,85.58001921891994,6.815477556640804,86.69611644809915,1.8580057395021659,1.1160972291792035,0.7684702408773662,0.7720113068058273
AD,Temporal,0.1,82.66171739183535,4.365752945272834,87.34845327978749,2.006288511603685,4.686735887952139,0.7420483286973825,0.7776834523120457
AD,Temporal,0.25,91.16685020718715,3.140320802726398,93.24245805631548,1.331414197869094,2.075607849128332,0.8186626911933329,0.8302346545304573
AD,Temporal,0.5,100.55898095050854,1.616576952733176,98.73903112871824,1.8588769267371466,-1.8199498217903027,0.9028382986067384,0.8792448091302043
AD,Temporal,1.0,100.0,0.0,100.0,0.0,0.0,0.8979163713678242,0.8904701157571463
ADT,Random,0.01,7.206786850477201,9.924776305164029,35.0056903064256,18.03477815279404,27.7989034559484,0.0369034994697773,0.1896137849079025
ADT,Random,0.05,54.50163265306123,16.953281617462725,77.27661701044055,11.99555011798973,22.774984357379317,0.2811836734693876,0.4195222816399286
ADT,Random,0.1,68.84761564200147,8.13967540811732,86.56360753563862,6.918357663663122,17.715991893637153,0.3545603347722067,0.4723156089193825
ADT,Random,0.25,67.14549936723189,12.714909659947992,92.41580519623116,16.04654391640609,25.27030582899927,0.3459925737889263,0.4999974146979591
ADT,Random,0.5,70.5767106842737,8.616147193954829,93.76196135019663,6.020998878890883,23.185250665922922,0.3638799519807923,0.5105146705146704
ADT,Random,1.0,100.0,0.0,100.0,0.0,0.0,0.5157927734697243,0.5453115547489412
ADT,Stratified,0.01,23.398644833427444,20.903940124763427,36.948934772758,11.455172320860008,13.550289939330558,0.1203557312252964,0.2002504285197591
ADT,Stratified,0.05,39.07237559974813,13.930442744853522,74.4073936607233,8.354120905138283,35.33501806097517,0.2006762701403752,0.40697541452258423
ADT,Stratified,0.1,52.97383775644645,19.47590086239232,81.87025839495318,6.1311030388851115,28.896420638506733,0.2720383963862224,0.444933239161874
ADT,Stratified,0.25,61.08486998499014,14.134636353343309,94.54299610126182,4.687881682885909,33.45812611627168,0.3156087144635953,0.5142274966412896
ADT,Stratified,0.5,62.3844376899696,10.349950472496127,96.58971655973431,5.485998596712865,34.20527886976471,0.3222127659574468,0.5252039276177206
ADT,Stratified,1.0,100.0,0.0,100.0,0.0,0.0,0.5157927734697243,0.5453115547489412
ADT,Spatial,0.01,5.864285714285714,5.356333272160068,21.49183087869294,7.218757156741916,15.627545164407227,0.03,0.11930811348929812
ADT,Spatial,0.05,34.51643704330401,15.65726547127917,65.0694420503244,13.538219577520877,30.55300500702039,0.1786200816693377,0.3563073924126556
ADT,Spatial,0.1,58.309859943977585,8.651052247839681,79.14443378674878,6.701557071990917,20.834573842771192,0.3013660130718954,0.43099275276694626
ADT,Spatial,0.25,74.72699849170438,11.249261602294034,86.08850691945864,10.136873270626328,11.36150842775426,0.3844953365961769,0.4671163095136458
ADT,Spatial,0.5,53.29646871783782,16.048478198881728,94.53826075884899,8.425767272402133,41.24179204101117,0.2739618198637625,0.5141120827146236
ADT,Spatial,1.0,100.0,0.0,100.0,0.0,0.0,0.5157927734697243,0.5453115547489412
ADT,Importance,0.01,0.0,0.0,12.839398287030999,14.191110086237023,12.839398287030999,0.0,0.0725843803892584
ADT,Importance,0.05,34.72727052226136,11.948444170910005,58.54852847525077,8.328580268567213,23.821257952989413,0.1789449574980907,0.31951079648114683
ADT,Importance,0.1,36.82413733609386,6.865268408041151,65.7141629276145,5.309890111456907,28.890025591520633,0.1902657004830917,0.3582202111613876
ADT,Importance,0.25,40.53088259170458,5.094202180517851,76.42188495620795,8.722866671412575,35.891002364503365,0.2088903320810285,0.4149374136366367
ADT,Importance,0.5,59.698826509327134,6.834625704483165,86.44041252864784,4.290333912298077,26.741586019320707,0.307985398414685,0.47069871648819017
ADT,Importance,1.0,100.0,0.0,100.0,0.0,0.0,0.5157927734697243,0.5453115547489412
ADT,Adaptive,0.01,7.321875590848933,7.477991974352669,28.130230122726978,7.8155322383212935,20.808354531878045,0.0383607487237662,0.15401302199916744
ADT,Adaptive,0.05,33.582257356170395,18.50816532500093,56.86075430172069,9.986276347774522,23.278496945550295,0.1721306230001882,0.30989091777061695
ADT,Adaptive,0.1,41.9579104309689,20.177418035991316,53.93376992830014,13.261418536208883,11.975859497331236,0.2167211057655123,0.2971916216580615
ADT,Adaptive,0.25,55.46863978841172,9.308990387145686,60.59765331664581,13.180086055488538,5.12901352823409,0.285838886896109,0.32850920793849453
ADT,Adaptive,0.5,79.42025447495561,13.677753081767662,92.05881875477463,7.9618959888181475,12.638564279819022,0.409031201579164,0.5000582176444246
ADT,Adaptive,1.0,100.0,0.0,100.0,0.0,0.0,0.5157927734697243,0.5453115547489412
ADT,Temporal,0.01,11.248561704886152,3.9359279985121094,36.05152353768015,9.535957099019347,24.802961832793997,0.0578845582475758,0.19636610321531686
ADT,Temporal,0.05,44.65939100325251,12.519938893809858,72.34025832555244,9.603517688783155,27.68086732229993,0.2302446859338625,0.39454191033138397
ADT,Temporal,0.1,79.93515944839474,7.260928809947999,82.7995338267397,8.445669551098794,2.8643743783449622,0.4120135746606335,0.45048585401526575
ADT,Temporal,0.25,66.16987335359674,5.514548576317524,93.60609597374302,4.478620763164861,27.43622262014628,0.3413262411347517,0.5092255892255892
ADT,Temporal,0.5,81.05494230037029,9.322265458821333,92.00853036469019,6.859216529896684,10.953588064319902,0.4178571051061934,0.49999872943269164
ADT,Temporal,1.0,100.0,0.0,100.0,0.0,0.0,0.5157927734697243,0.5453115547489412
