task,strategy,target_rate,seed,vessels_entering_training
VC,Random,0.01,0,2354
FD,Random,0.01,0,2354
AD,Random,0.01,0,2354
ADT,Random,0.01,0,2354
VC,Random,0.01,1,2351
FD,Random,0.01,1,2351
AD,Random,0.01,1,2351
ADT,Random,0.01,1,2351
VC,Random,0.01,2,2333
FD,Random,0.01,2,2333
AD,Random,0.01,2,2333
ADT,Random,0.01,2,2333
VC,Random,0.01,3,2338
FD,Random,0.01,3,2338
AD,Random,0.01,3,2338
ADT,Random,0.01,3,2338
VC,Random,0.01,4,2338
FD,Random,0.01,4,2338
AD,Random,0.01,4,2338
ADT,Random,0.01,4,2338
VC,Random,0.05,0,2986
FD,Random,0.05,0,2986
AD,Random,0.05,0,2986
ADT,Random,0.05,0,2986
VC,Random,0.05,1,2975
FD,Random,0.05,1,2975
AD,Random,0.05,1,2975
ADT,Random,0.05,1,2975
VC,Random,0.05,2,2985
FD,Random,0.05,2,2985
AD,Random,0.05,2,2985
ADT,Random,0.05,2,2985
VC,Random,0.05,3,2981
FD,Random,0.05,3,2981
AD,Random,0.05,3,2981
ADT,Random,0.05,3,2981
VC,Random,0.05,4,2997
FD,Random,0.05,4,2997
AD,Random,0.05,4,2997
ADT,Random,0.05,4,2997
VC,Random,0.1,0,3094
FD,Random,0.1,0,3094
AD,Random,0.1,0,3094
ADT,Random,0.1,0,3094
VC,Random,0.1,1,3093
FD,Random,0.1,1,3093
AD,Random,0.1,1,3093
ADT,Random,0.1,1,3093
VC,Random,0.1,2,3087
FD,Random,0.1,2,3087
AD,Random,0.1,2,3087
ADT,Random,0.1,2,3087
VC,Random,0.1,3,3083
FD,Random,0.1,3,3083
AD,Random,0.1,3,3083
ADT,Random,0.1,3,3083
VC,Random,0.1,4,3098
FD,Random,0.1,4,3098
AD,Random,0.1,4,3098
ADT,Random,0.1,4,3098
VC,Random,0.25,0,3145
FD,Random,0.25,0,3145
AD,Random,0.25,0,3145
ADT,Random,0.25,0,3145
VC,Random,0.25,1,3136
FD,Random,0.25,1,3136
AD,Random,0.25,1,3136
ADT,Random,0.25,1,3136
VC,Random,0.25,2,3141
FD,Random,0.25,2,3141
AD,Random,0.25,2,3141
ADT,Random,0.25,2,3141
VC,Random,0.25,3,3139
FD,Random,0.25,3,3139
AD,Random,0.25,3,3139
ADT,Random,0.25,3,3139
VC,Random,0.25,4,3140
FD,Random,0.25,4,3140
AD,Random,0.25,4,3140
ADT,Random,0.25,4,3140
VC,Random,0.5,0,3154
FD,Random,0.5,0,3154
AD,Random,0.5,0,3154
ADT,Random,0.5,0,3154
VC,Random,0.5,1,3155
FD,Random,0.5,1,3155
AD,Random,0.5,1,3155
ADT,Random,0.5,1,3155
VC,Random,0.5,2,3156
FD,Random,0.5,2,3156
AD,Random,0.5,2,3156
ADT,Random,0.5,2,3156
VC,Random,0.5,3,3153
FD,Random,0.5,3,3153
AD,Random,0.5,3,3152
ADT,Random,0.5,3,3152
VC,Random,0.5,4,3155
FD,Random,0.5,4,3155
AD,Random,0.5,4,3155
ADT,Random,0.5,4,3155
VC,Random,1.0,0,3166
FD,Random,1.0,0,3166
AD,Random,1.0,0,3166
ADT,Random,1.0,0,3166
VC,Random,1.0,1,3166
FD,Random,1.0,1,3166
AD,Random,1.0,1,3166
ADT,Random,1.0,1,3166
VC,Random,1.0,2,3166
FD,Random,1.0,2,3166
AD,Random,1.0,2,3166
ADT,Random,1.0,2,3166
VC,Random,1.0,3,3166
FD,Random,1.0,3,3166
AD,Random,1.0,3,3166
ADT,Random,1.0,3,3166
VC,Random,1.0,4,3166
FD,Random,1.0,4,3166
AD,Random,1.0,4,3166
ADT,Random,1.0,4,3166
VC,Stratified,0.01,0,2346
FD,Stratified,0.01,0,2346
AD,Stratified,0.01,0,2346
ADT,Stratified,0.01,0,2346
VC,Stratified,0.01,1,2321
FD,Stratified,0.01,1,2321
AD,Stratified,0.01,1,2321
ADT,Stratified,0.01,1,2321
VC,Stratified,0.01,2,2319
FD,Stratified,0.01,2,2319
AD,Stratified,0.01,2,2319
ADT,Stratified,0.01,2,2319
VC,Stratified,0.01,3,2350
FD,Stratified,0.01,3,2350
AD,Stratified,0.01,3,2350
ADT,Stratified,0.01,3,2350
VC,Stratified,0.01,4,2352
FD,Stratified,0.01,4,2352
AD,Stratified,0.01,4,2352
ADT,Stratified,0.01,4,2352
VC,Stratified,0.05,0,2985
FD,Stratified,0.05,0,2985
AD,Stratified,0.05,0,2985
ADT,Stratified,0.05,0,2985
VC,Stratified,0.05,1,2978
FD,Stratified,0.05,1,2978
AD,Stratified,0.05,1,2978
ADT,Stratified,0.05,1,2978
VC,Stratified,0.05,2,2985
FD,Stratified,0.05,2,2985
AD,Stratified,0.05,2,2985
ADT,Stratified,0.05,2,2985
VC,Stratified,0.05,3,2984
FD,Stratified,0.05,3,2984
AD,Stratified,0.05,3,2984
ADT,Stratified,0.05,3,2984
VC,Stratified,0.05,4,2981
FD,Stratified,0.05,4,2981
AD,Stratified,0.05,4,2981
ADT,Stratified,0.05,4,2981
VC,Stratified,0.1,0,3084
FD,Stratified,0.1,0,3084
AD,Stratified,0.1,0,3084
ADT,Stratified,0.1,0,3084
VC,Stratified,0.1,1,3085
FD,Stratified,0.1,1,3085
AD,Stratified,0.1,1,3085
ADT,Stratified,0.1,1,3085
VC,Stratified,0.1,2,3087
FD,Stratified,0.1,2,3087
AD,Stratified,0.1,2,3087
ADT,Stratified,0.1,2,3087
VC,Stratified,0.1,3,3087
FD,Stratified,0.1,3,3087
AD,Stratified,0.1,3,3087
ADT,Stratified,0.1,3,3087
VC,Stratified,0.1,4,3086
FD,Stratified,0.1,4,3086
AD,Stratified,0.1,4,3086
ADT,Stratified,0.1,4,3086
VC,Stratified,0.25,0,3140
FD,Stratified,0.25,0,3140
AD,Stratified,0.25,0,3140
ADT,Stratified,0.25,0,3140
VC,Stratified,0.25,1,3140
FD,Stratified,0.25,1,3140
AD,Stratified,0.25,1,3138
ADT,Stratified,0.25,1,3138
VC,Stratified,0.25,2,3141
FD,Stratified,0.25,2,3141
AD,Stratified,0.25,2,3141
ADT,Stratified,0.25,2,3141
VC,Stratified,0.25,3,3142
FD,Stratified,0.25,3,3142
AD,Stratified,0.25,3,3142
ADT,Stratified,0.25,3,3142
VC,Stratified,0.25,4,3142
FD,Stratified,0.25,4,3142
AD,Stratified,0.25,4,3142
ADT,Stratified,0.25,4,3142
VC,Stratified,0.5,0,3155
FD,Stratified,0.5,0,3155
AD,Stratified,0.5,0,3155
ADT,Stratified,0.5,0,3155
VC,Stratified,0.5,1,3154
FD,Stratified,0.5,1,3154
AD,Stratified,0.5,1,3153
ADT,Stratified,0.5,1,3153
VC,Stratified,0.5,2,3156
FD,Stratified,0.5,2,3156
AD,Stratified,0.5,2,3156
ADT,Stratified,0.5,2,3156
VC,Stratified,0.5,3,3151
FD,Stratified,0.5,3,3151
AD,Stratified,0.5,3,3151
ADT,Stratified,0.5,3,3151
VC,Stratified,0.5,4,3159
FD,Stratified,0.5,4,3159
AD,Stratified,0.5,4,3159
ADT,Stratified,0.5,4,3159
VC,Stratified,1.0,0,3166
FD,Stratified,1.0,0,3166
AD,Stratified,1.0,0,3166
ADT,Stratified,1.0,0,3166
VC,Stratified,1.0,1,3166
FD,Stratified,1.0,1,3166
AD,Stratified,1.0,1,3166
ADT,Stratified,1.0,1,3166
VC,Stratified,1.0,2,3166
FD,Stratified,1.0,2,3166
AD,Stratified,1.0,2,3166
ADT,Stratified,1.0,2,3166
VC,Stratified,1.0,3,3166
FD,Stratified,1.0,3,3166
AD,Stratified,1.0,3,3166
ADT,Stratified,1.0,3,3166
VC,Stratified,1.0,4,3166
FD,Stratified,1.0,4,3166
AD,Stratified,1.0,4,3166
ADT,Stratified,1.0,4,3166
VC,Spatial,0.01,0,1713
FD,Spatial,0.01,0,1713
AD,Spatial,0.01,0,1713
ADT,Spatial,0.01,0,1713
VC,Spatial,0.01,1,1718
FD,Spatial,0.01,1,1718
AD,Spatial,0.01,1,1718
ADT,Spatial,0.01,1,1718
VC,Spatial,0.01,2,1702
FD,Spatial,0.01,2,1702
AD,Spatial,0.01,2,1702
ADT,Spatial,0.01,2,1702
VC,Spatial,0.01,3,1703
FD,Spatial,0.01,3,1703
AD,Spatial,0.01,3,1703
ADT,Spatial,0.01,3,1703
VC,Spatial,0.01,4,1743
FD,Spatial,0.01,4,1743
AD,Spatial,0.01,4,1743
ADT,Spatial,0.01,4,1743
VC,Spatial,0.05,0,2780
FD,Spatial,0.05,0,2780
AD,Spatial,0.05,0,2780
ADT,Spatial,0.05,0,2780
VC,Spatial,0.05,1,2770
FD,Spatial,0.05,1,2770
AD,Spatial,0.05,1,2770
ADT,Spatial,0.05,1,2770
VC,Spatial,0.05,2,2761
FD,Spatial,0.05,2,2761
AD,Spatial,0.05,2,2761
ADT,Spatial,0.05,2,2761
VC,Spatial,0.05,3,2777
FD,Spatial,0.05,3,2777
AD,Spatial,0.05,3,2777
ADT,Spatial,0.05,3,2777
VC,Spatial,0.05,4,2772
FD,Spatial,0.05,4,2772
AD,Spatial,0.05,4,2772
ADT,Spatial,0.05,4,2772
VC,Spatial,0.1,0,2958
FD,Spatial,0.1,0,2958
AD,Spatial,0.1,0,2958
ADT,Spatial,0.1,0,2958
VC,Spatial,0.1,1,2954
FD,Spatial,0.1,1,2954
AD,Spatial,0.1,1,2954
ADT,Spatial,0.1,1,2954
VC,Spatial,0.1,2,2968
FD,Spatial,0.1,2,2968
AD,Spatial,0.1,2,2968
ADT,Spatial,0.1,2,2968
VC,Spatial,0.1,3,2952
FD,Spatial,0.1,3,2952
AD,Spatial,0.1,3,2952
ADT,Spatial,0.1,3,2952
VC,Spatial,0.1,4,2951
FD,Spatial,0.1,4,2951
AD,Spatial,0.1,4,2951
ADT,Spatial,0.1,4,2951
VC,Spatial,0.25,0,3097
FD,Spatial,0.25,0,3097
AD,Spatial,0.25,0,3097
ADT,Spatial,0.25,0,3097
VC,Spatial,0.25,1,3091
FD,Spatial,0.25,1,3091
AD,Spatial,0.25,1,3091
ADT,Spatial,0.25,1,3091
VC,Spatial,0.25,2,3101
FD,Spatial,0.25,2,3101
AD,Spatial,0.25,2,3101
ADT,Spatial,0.25,2,3101
VC,Spatial,0.25,3,3094
FD,Spatial,0.25,3,3094
AD,Spatial,0.25,3,3094
ADT,Spatial,0.25,3,3094
VC,Spatial,0.25,4,3102
FD,Spatial,0.25,4,3102
AD,Spatial,0.25,4,3102
ADT,Spatial,0.25,4,3102
VC,Spatial,0.5,0,3139
FD,Spatial,0.5,0,3139
AD,Spatial,0.5,0,3139
ADT,Spatial,0.5,0,3139
VC,Spatial,0.5,1,3149
FD,Spatial,0.5,1,3149
AD,Spatial,0.5,1,3148
ADT,Spatial,0.5,1,3148
VC,Spatial,0.5,2,3147
FD,Spatial,0.5,2,3147
AD,Spatial,0.5,2,3147
ADT,Spatial,0.5,2,3147
VC,Spatial,0.5,3,3147
FD,Spatial,0.5,3,3147
AD,Spatial,0.5,3,3147
ADT,Spatial,0.5,3,3147
VC,Spatial,0.5,4,3145
FD,Spatial,0.5,4,3145
AD,Spatial,0.5,4,3145
ADT,Spatial,0.5,4,3145
VC,Spatial,1.0,0,3166
FD,Spatial,1.0,0,3166
AD,Spatial,1.0,0,3166
ADT,Spatial,1.0,0,3166
VC,Spatial,1.0,1,3166
FD,Spatial,1.0,1,3166
AD,Spatial,1.0,1,3166
ADT,Spatial,1.0,1,3166
VC,Spatial,1.0,2,3166
FD,Spatial,1.0,2,3166
AD,Spatial,1.0,2,3166
ADT,Spatial,1.0,2,3166
VC,Spatial,1.0,3,3166
FD,Spatial,1.0,3,3166
AD,Spatial,1.0,3,3166
ADT,Spatial,1.0,3,3166
VC,Spatial,1.0,4,3166
FD,Spatial,1.0,4,3166
AD,Spatial,1.0,4,3166
ADT,Spatial,1.0,4,3166
VC,Importance,0.01,0,2164
FD,Importance,0.01,0,2164
AD,Importance,0.01,0,2164
ADT,Importance,0.01,0,2164
VC,Importance,0.01,1,2189
FD,Importance,0.01,1,2189
AD,Importance,0.01,1,2189
ADT,Importance,0.01,1,2189
VC,Importance,0.01,2,2176
FD,Importance,0.01,2,2176
AD,Importance,0.01,2,2176
ADT,Importance,0.01,2,2176
VC,Importance,0.01,3,2203
FD,Importance,0.01,3,2203
AD,Importance,0.01,3,2203
ADT,Importance,0.01,3,2203
VC,Importance,0.01,4,2181
FD,Importance,0.01,4,2181
AD,Importance,0.01,4,2181
ADT,Importance,0.01,4,2181
VC,Importance,0.05,0,2923
FD,Importance,0.05,0,2923
AD,Importance,0.05,0,2923
ADT,Importance,0.05,0,2923
VC,Importance,0.05,1,2936
FD,Importance,0.05,1,2936
AD,Importance,0.05,1,2936
ADT,Importance,0.05,1,2936
VC,Importance,0.05,2,2926
FD,Importance,0.05,2,2926
AD,Importance,0.05,2,2926
ADT,Importance,0.05,2,2926
VC,Importance,0.05,3,2939
FD,Importance,0.05,3,2939
AD,Importance,0.05,3,2939
ADT,Importance,0.05,3,2939
VC,Importance,0.05,4,2934
FD,Importance,0.05,4,2934
AD,Importance,0.05,4,2934
ADT,Importance,0.05,4,2934
VC,Importance,0.1,0,3036
FD,Importance,0.1,0,3036
AD,Importance,0.1,0,3036
ADT,Importance,0.1,0,3036
VC,Importance,0.1,1,3043
FD,Importance,0.1,1,3043
AD,Importance,0.1,1,3043
ADT,Importance,0.1,1,3043
VC,Importance,0.1,2,3046
FD,Importance,0.1,2,3046
AD,Importance,0.1,2,3046
ADT,Importance,0.1,2,3046
VC,Importance,0.1,3,3028
FD,Importance,0.1,3,3028
AD,Importance,0.1,3,3028
ADT,Importance,0.1,3,3028
VC,Importance,0.1,4,3039
FD,Importance,0.1,4,3039
AD,Importance,0.1,4,3039
ADT,Importance,0.1,4,3039
VC,Importance,0.25,0,3117
FD,Importance,0.25,0,3117
AD,Importance,0.25,0,3117
ADT,Importance,0.25,0,3117
VC,Importance,0.25,1,3129
FD,Importance,0.25,1,3129
AD,Importance,0.25,1,3128
ADT,Importance,0.25,1,3128
VC,Importance,0.25,2,3123
FD,Importance,0.25,2,3123
AD,Importance,0.25,2,3123
ADT,Importance,0.25,2,3123
VC,Importance,0.25,3,3124
FD,Importance,0.25,3,3124
AD,Importance,0.25,3,3124
ADT,Importance,0.25,3,3124
VC,Importance,0.25,4,3121
FD,Importance,0.25,4,3121
AD,Importance,0.25,4,3121
ADT,Importance,0.25,4,3121
VC,Importance,0.5,0,3149
FD,Importance,0.5,0,3149
AD,Importance,0.5,0,3149
ADT,Importance,0.5,0,3149
VC,Importance,0.5,1,3151
FD,Importance,0.5,1,3151
AD,Importance,0.5,1,3149
ADT,Importance,0.5,1,3149
VC,Importance,0.5,2,3145
FD,Importance,0.5,2,3145
AD,Importance,0.5,2,3145
ADT,Importance,0.5,2,3145
VC,Importance,0.5,3,3149
FD,Importance,0.5,3,3149
AD,Importance,0.5,3,3149
ADT,Importance,0.5,3,3149
VC,Importance,0.5,4,3151
FD,Importance,0.5,4,3151
AD,Importance,0.5,4,3151
ADT,Importance,0.5,4,3151
VC,Importance,1.0,0,3166
FD,Importance,1.0,0,3166
AD,Importance,1.0,0,3166
ADT,Importance,1.0,0,3166
VC,Importance,1.0,1,3166
FD,Importance,1.0,1,3166
AD,Importance,1.0,1,3166
ADT,Importance,1.0,1,3166
VC,Importance,1.0,2,3166
FD,Importance,1.0,2,3166
AD,Importance,1.0,2,3166
ADT,Importance,1.0,2,3166
VC,Importance,1.0,3,3166
FD,Importance,1.0,3,3166
AD,Importance,1.0,3,3166
ADT,Importance,1.0,3,3166
VC,Importance,1.0,4,3166
FD,Importance,1.0,4,3166
AD,Importance,1.0,4,3166
ADT,Importance,1.0,4,3166
VC,Adaptive,0.01,0,1843
FD,Adaptive,0.01,0,1843
AD,Adaptive,0.01,0,1843
ADT,Adaptive,0.01,0,1843
VC,Adaptive,0.01,1,1834
FD,Adaptive,0.01,1,1834
AD,Adaptive,0.01,1,1834
ADT,Adaptive,0.01,1,1834
VC,Adaptive,0.01,2,1823
FD,Adaptive,0.01,2,1823
AD,Adaptive,0.01,2,1823
ADT,Adaptive,0.01,2,1823
VC,Adaptive,0.01,3,1832
FD,Adaptive,0.01,3,1832
AD,Adaptive,0.01,3,1832
ADT,Adaptive,0.01,3,1832
VC,Adaptive,0.01,4,1822
FD,Adaptive,0.01,4,1822
AD,Adaptive,0.01,4,1822
ADT,Adaptive,0.01,4,1822
VC,Adaptive,0.05,0,2461
FD,Adaptive,0.05,0,2461
AD,Adaptive,0.05,0,2461
ADT,Adaptive,0.05,0,2461
VC,Adaptive,0.05,1,2452
FD,Adaptive,0.05,1,2452
AD,Adaptive,0.05,1,2452
ADT,Adaptive,0.05,1,2452
VC,Adaptive,0.05,2,2444
FD,Adaptive,0.05,2,2444
AD,Adaptive,0.05,2,2444
ADT,Adaptive,0.05,2,2444
VC,Adaptive,0.05,3,2452
FD,Adaptive,0.05,3,2452
AD,Adaptive,0.05,3,2452
ADT,Adaptive,0.05,3,2452
VC,Adaptive,0.05,4,2454
FD,Adaptive,0.05,4,2454
AD,Adaptive,0.05,4,2454
ADT,Adaptive,0.05,4,2454
VC,Adaptive,0.1,0,2611
FD,Adaptive,0.1,0,2611
AD,Adaptive,0.1,0,2611
ADT,Adaptive,0.1,0,2611
VC,Adaptive,0.1,1,2609
FD,Adaptive,0.1,1,2609
AD,Adaptive,0.1,1,2609
ADT,Adaptive,0.1,1,2609
VC,Adaptive,0.1,2,2617
FD,Adaptive,0.1,2,2617
AD,Adaptive,0.1,2,2617
ADT,Adaptive,0.1,2,2617
VC,Adaptive,0.1,3,2615
FD,Adaptive,0.1,3,2615
AD,Adaptive,0.1,3,2615
ADT,Adaptive,0.1,3,2615
VC,Adaptive,0.1,4,2612
FD,Adaptive,0.1,4,2612
AD,Adaptive,0.1,4,2612
ADT,Adaptive,0.1,4,2612
VC,Adaptive,0.25,0,2763
FD,Adaptive,0.25,0,2763
AD,Adaptive,0.25,0,2763
ADT,Adaptive,0.25,0,2763
VC,Adaptive,0.25,1,2771
FD,Adaptive,0.25,1,2771
AD,Adaptive,0.25,1,2771
ADT,Adaptive,0.25,1,2771
VC,Adaptive,0.25,2,2776
FD,Adaptive,0.25,2,2776
AD,Adaptive,0.25,2,2776
ADT,Adaptive,0.25,2,2776
VC,Adaptive,0.25,3,2772
FD,Adaptive,0.25,3,2772
AD,Adaptive,0.25,3,2772
ADT,Adaptive,0.25,3,2772
VC,Adaptive,0.25,4,2766
FD,Adaptive,0.25,4,2766
AD,Adaptive,0.25,4,2766
ADT,Adaptive,0.25,4,2766
VC,Adaptive,0.5,0,3160
FD,Adaptive,0.5,0,3160
AD,Adaptive,0.5,0,3160
ADT,Adaptive,0.5,0,3160
VC,Adaptive,0.5,1,3158
FD,Adaptive,0.5,1,3158
AD,Adaptive,0.5,1,3158
ADT,Adaptive,0.5,1,3158
VC,Adaptive,0.5,2,3161
FD,Adaptive,0.5,2,3161
AD,Adaptive,0.5,2,3161
ADT,Adaptive,0.5,2,3161
VC,Adaptive,0.5,3,3158
FD,Adaptive,0.5,3,3158
AD,Adaptive,0.5,3,3158
ADT,Adaptive,0.5,3,3158
VC,Adaptive,0.5,4,3160
FD,Adaptive,0.5,4,3160
AD,Adaptive,0.5,4,3160
ADT,Adaptive,0.5,4,3160
VC,Adaptive,1.0,0,3166
FD,Adaptive,1.0,0,3166
AD,Adaptive,1.0,0,3166
ADT,Adaptive,1.0,0,3166
VC,Adaptive,1.0,1,3166
FD,Adaptive,1.0,1,3166
AD,Adaptive,1.0,1,3166
ADT,Adaptive,1.0,1,3166
VC,Adaptive,1.0,2,3166
FD,Adaptive,1.0,2,3166
AD,Adaptive,1.0,2,3166
ADT,Adaptive,1.0,2,3166
VC,Adaptive,1.0,3,3166
FD,Adaptive,1.0,3,3166
AD,Adaptive,1.0,3,3166
ADT,Adaptive,1.0,3,3166
VC,Adaptive,1.0,4,3166
FD,Adaptive,1.0,4,3166
AD,Adaptive,1.0,4,3166
ADT,Adaptive,1.0,4,3166
VC,Temporal,0.01,0,2975
FD,Temporal,0.01,0,2975
AD,Temporal,0.01,0,2969
ADT,Temporal,0.01,0,2969
VC,Temporal,0.01,1,2975
FD,Temporal,0.01,1,2975
AD,Temporal,0.01,1,2969
ADT,Temporal,0.01,1,2969
VC,Temporal,0.01,2,2975
FD,Temporal,0.01,2,2975
AD,Temporal,0.01,2,2969
ADT,Temporal,0.01,2,2969
VC,Temporal,0.01,3,2975
FD,Temporal,0.01,3,2975
AD,Temporal,0.01,3,2969
ADT,Temporal,0.01,3,2969
VC,Temporal,0.01,4,2975
FD,Temporal,0.01,4,2975
AD,Temporal,0.01,4,2969
ADT,Temporal,0.01,4,2969
VC,Temporal,0.05,0,3123
FD,Temporal,0.05,0,3123
AD,Temporal,0.05,0,3120
ADT,Temporal,0.05,0,3120
VC,Temporal,0.05,1,3123
FD,Temporal,0.05,1,3123
AD,Temporal,0.05,1,3120
ADT,Temporal,0.05,1,3120
VC,Temporal,0.05,2,3123
FD,Temporal,0.05,2,3123
AD,Temporal,0.05,2,3120
ADT,Temporal,0.05,2,3120
VC,Temporal,0.05,3,3123
FD,Temporal,0.05,3,3123
AD,Temporal,0.05,3,3120
ADT,Temporal,0.05,3,3120
VC,Temporal,0.05,4,3123
FD,Temporal,0.05,4,3123
AD,Temporal,0.05,4,3120
ADT,Temporal,0.05,4,3120
VC,Temporal,0.1,0,3150
FD,Temporal,0.1,0,3150
AD,Temporal,0.1,0,3147
ADT,Temporal,0.1,0,3147
VC,Temporal,0.1,1,3150
FD,Temporal,0.1,1,3150
AD,Temporal,0.1,1,3147
ADT,Temporal,0.1,1,3147
VC,Temporal,0.1,2,3150
FD,Temporal,0.1,2,3150
AD,Temporal,0.1,2,3147
ADT,Temporal,0.1,2,3147
VC,Temporal,0.1,3,3150
FD,Temporal,0.1,3,3150
AD,Temporal,0.1,3,3147
ADT,Temporal,0.1,3,3147
VC,Temporal,0.1,4,3150
FD,Temporal,0.1,4,3150
AD,Temporal,0.1,4,3147
ADT,Temporal,0.1,4,3147
VC,Temporal,0.25,0,3163
FD,Temporal,0.25,0,3163
AD,Temporal,0.25,0,3161
ADT,Temporal,0.25,0,3161
VC,Temporal,0.25,1,3163
FD,Temporal,0.25,1,3163
AD,Temporal,0.25,1,3161
ADT,Temporal,0.25,1,3161
VC,Temporal,0.25,2,3163
FD,Temporal,0.25,2,3163
AD,Temporal,0.25,2,3161
ADT,Temporal,0.25,2,3161
VC,Temporal,0.25,3,3163
FD,Temporal,0.25,3,3163
AD,Temporal,0.25,3,3161
ADT,Temporal,0.25,3,3161
VC,Temporal,0.25,4,3163
FD,Temporal,0.25,4,3163
AD,Temporal,0.25,4,3161
ADT,Temporal,0.25,4,3161
VC,Temporal,0.5,0,3165
FD,Temporal,0.5,0,3165
AD,Temporal,0.5,0,3164
ADT,Temporal,0.5,0,3164
VC,Temporal,0.5,1,3165
FD,Temporal,0.5,1,3165
AD,Temporal,0.5,1,3164
ADT,Temporal,0.5,1,3164
VC,Temporal,0.5,2,3165
FD,Temporal,0.5,2,3165
AD,Temporal,0.5,2,3164
ADT,Temporal,0.5,2,3164
VC,Temporal,0.5,3,3165
FD,Temporal,0.5,3,3165
AD,Temporal,0.5,3,3164
ADT,Temporal,0.5,3,3164
VC,Temporal,0.5,4,3165
FD,Temporal,0.5,4,3165
AD,Temporal,0.5,4,3164
ADT,Temporal,0.5,4,3164
VC,Temporal,1.0,0,3166
FD,Temporal,1.0,0,3166
AD,Temporal,1.0,0,3166
ADT,Temporal,1.0,0,3166
VC,Temporal,1.0,1,3166
FD,Temporal,1.0,1,3166
AD,Temporal,1.0,1,3166
ADT,Temporal,1.0,1,3166
VC,Temporal,1.0,2,3166
FD,Temporal,1.0,2,3166
AD,Temporal,1.0,2,3166
ADT,Temporal,1.0,2,3166
VC,Temporal,1.0,3,3166
FD,Temporal,1.0,3,3166
AD,Temporal,1.0,3,3166
ADT,Temporal,1.0,3,3166
VC,Temporal,1.0,4,3166
FD,Temporal,1.0,4,3166
AD,Temporal,1.0,4,3166
ADT,Temporal,1.0,4,3166
