strategy,target_rate,RF_absolute_f1_mean,RF_absolute_f1_sd,LR_absolute_f1_mean,LR_absolute_f1_sd,RF_retention_mean,RF_retention_sd,LR_retention_mean,LR_retention_sd,retention_difference_LR_minus_RF
Random,0.01,0.0369034994697773,0.0506710944950768,0.4239303113504297,0.08046978049349042,7.206786850477201,9.924776305164029,91.85156745925977,17.435119106922926,84.64478060878257
Random,0.05,0.2811836734693876,0.0872229235961876,0.4746917512955249,0.028586382694613856,54.50163265306123,16.953281617462725,102.84987944736372,6.193716250499669,48.34824679430249
Random,0.1,0.3545603347722067,0.0367698838284869,0.5166474830881611,0.04456689210567886,68.84761564200147,8.13967540811732,111.94028800243488,9.656159956230422,43.09267236043341
Random,0.25,0.3459925737889263,0.0629436116381994,0.5401211568422715,0.017121244137030662,67.14549936723189,12.714909659947992,117.02625064915881,3.7096028963566465,49.88075128192692
Random,0.5,0.3638799519807923,0.0431214469450624,0.5152772568142036,0.021083478214822322,70.5767106842737,8.616147193954829,111.64340564307744,4.568086946544838,41.06669495880374
Random,1.0,0.5157927734697243,0.0113786298663188,0.4615384615384615,0.0,100.0,0.0,100.0,0.0,0.0
Stratified,0.01,0.1203557312252964,0.1076915533743816,0.4360038159212033,0.05546092904426167,23.398644833427444,20.903940124763427,94.46749344959406,12.016534626256687,71.06884861616662
Stratified,0.05,0.2006762701403752,0.0677408588632085,0.48976145645536906,0.03746398563287278,39.07237559974813,13.930442744853522,106.11498223199662,8.117196887122434,67.04260663224849
Stratified,0.1,0.2720383963862224,0.0952586775449262,0.5069971477449406,0.0362075845505416,52.97383775644645,19.47590086239232,109.84938201140383,7.844976652617338,56.87554425495738
Stratified,0.25,0.3156087144635953,0.0756626090566556,0.5357748134218723,0.02140161693676677,61.08486998499014,14.134636353343309,116.08454290807231,4.6370170029661235,54.999672923082166
Stratified,0.5,0.3222127659574468,0.0573114243953948,0.4869658912773203,0.01421533792280391,62.3844376899696,10.349950472496127,105.5092764434194,3.079989883274168,43.124838753449794
Stratified,1.0,0.5157927734697243,0.0113786298663188,0.4615384615384615,0.0,100.0,0.0,100.0,0.0,0.0
Spatial,0.01,0.03,0.0273861278752583,0.3338340780411397,0.05199900564961393,5.864285714285714,5.356333272160068,72.3307169089136,11.266451224083015,66.46643119462789
Spatial,0.05,0.1786200816693377,0.0821026172368414,0.4440798323563769,0.04858608397417591,34.51643704330401,15.65726547127917,96.21729701054832,10.526984861071442,61.70085996724431
Spatial,0.1,0.3013660130718954,0.0492754131591528,0.4983984527275719,0.018966829270075956,58.309859943977585,8.651052247839681,107.98633142430724,4.109479675183128,49.67647148032965
Spatial,0.25,0.3844953365961769,0.0505560148656141,0.46292004071437753,0.012741720041573278,74.72699849170438,11.249261602294034,100.29934215478178,2.7607060090075466,25.572343663077405
Spatial,0.5,0.2739618198637625,0.077487582562106,0.4701501824305206,0.01213678347059643,53.29646871783782,16.048478198881728,101.86587285994612,2.6296364186292256,48.569404142108304
Spatial,1.0,0.5157927734697243,0.0113786298663188,0.4615384615384615,0.0,100.0,0.0,100.0,0.0,0.0
Importance,0.01,0.0,0.0,0.2978259117794001,0.07092631840838672,0.0,0.0,64.52894755220336,15.367368988483792,64.52894755220336
Importance,0.05,0.1789449574980907,0.0615855182152089,0.4240095053687731,0.026886628423225402,34.72727052226136,11.948444170910005,91.86872616323414,5.825436158365496,57.14145564097279
Importance,0.1,0.1902657004830917,0.0371944991700746,0.4642207491207341,0.024591226148299245,36.82413733609386,6.865268408041151,100.58116230949238,5.3280989987981595,63.75702497339852
Importance,0.25,0.2088903320810285,0.0253681697749265,0.4988888888888889,0.022319805467844803,40.53088259170458,5.094202180517851,108.09259259259258,4.835957851366369,67.561710000888
Importance,0.5,0.307985398414685,0.0365710203683062,0.4994374051469933,0.03179859308658963,59.698826509327134,6.834625704483165,108.21143778184856,6.889695168761081,48.512611272521426
Importance,1.0,0.5157927734697243,0.0113786298663188,0.4615384615384615,0.0,100.0,0.0,100.0,0.0,0.0
Adaptive,0.01,0.0383607487237662,0.0392909878326773,0.3621550259065686,0.017641289639126787,7.321875590848933,7.477991974352669,78.46692227975655,3.8222794218107996,71.14504668890761
Adaptive,0.05,0.1721306230001882,0.093252685072728,0.4060114655063932,0.0213920391103654,33.582257356170395,18.50816532500093,87.96915085971852,4.634941807245843,54.38689350354813
Adaptive,0.1,0.2167211057655123,0.1033961762037154,0.4112458852209634,0.016097553479953192,41.9579104309689,20.177418035991316,89.10327513120873,3.487803253989864,47.14536470023983
Adaptive,0.25,0.285838886896109,0.0468107242236397,0.4611558679238298,0.01255361485956246,55.46863978841172,9.308990387145686,99.91710471682981,2.719949886238529,44.44846492841809
Adaptive,0.5,0.409031201579164,0.0663682309006985,0.5132830099048958,0.00764370662851055,79.42025447495561,13.677753081767662,111.21131881272743,1.6561364361772926,31.791064337771815
Adaptive,1.0,0.5157927734697243,0.0113786298663188,0.4615384615384615,0.0,100.0,0.0,100.0,0.0,0.0
Temporal,0.01,0.0578845582475758,0.019668028569675,0.404040404040404,0.0,11.248561704886152,3.9359279985121094,87.54208754208753,0.0,76.29352583720137
Temporal,0.05,0.2302446859338625,0.0641246498355845,0.3835616438356164,0.0,44.65939100325251,12.519938893809858,83.10502283105022,0.0,38.44563182779771
Temporal,0.1,0.4120135746606335,0.034409678877732,0.10909090909090899,1.5515838457795457e-17,79.93515944839474,7.260928809947999,23.636363636363633,0.0,-56.29879581203111
Temporal,0.25,0.3413262411347517,0.0293068705483022,0.4415584415584415,0.0,66.16987335359674,5.514548576317524,95.67099567099568,0.0,29.501122317398938
Temporal,0.5,0.4178571051061934,0.046524954101592,0.5378151260504201,0.0,81.05494230037029,9.322265458821333,116.5266106442577,0.0,35.471668343887416
Temporal,1.0,0.5157927734697243,0.0113786298663188,0.4615384615384615,0.0,100.0,0.0,100.0,0.0,0.0
