feature_set,strategy,target_rate,retention_difference_LR_minus_RF
18F,Random,0.01,84.64478060878257
18F,Random,0.05,48.34824679430249
18F,Random,0.1,43.09267236043341
18F,Random,0.25,49.88075128192692
18F,Random,0.5,41.06669495880374
18F,Stratified,0.01,71.06884861616662
18F,Stratified,0.05,67.04260663224849
18F,Stratified,0.1,56.87554425495738
18F,Stratified,0.25,54.999672923082166
18F,Stratified,0.5,43.124838753449794
18F,Spatial,0.01,66.46643119462789
18F,Spatial,0.05,61.70085996724431
18F,Spatial,0.1,49.67647148032965
18F,Spatial,0.25,25.572343663077405
18F,Spatial,0.5,48.569404142108304
18F,Importance,0.01,64.52894755220336
18F,Importance,0.05,57.14145564097279
18F,Importance,0.1,63.75702497339852
18F,Importance,0.25,67.561710000888
18F,Importance,0.5,48.512611272521426
18F,Adaptive,0.01,71.14504668890761
18F,Adaptive,0.05,54.38689350354813
18F,Adaptive,0.1,47.14536470023983
18F,Adaptive,0.25,44.44846492841809
18F,Adaptive,0.5,31.791064337771815
18F,Temporal,0.01,76.29352583720137
18F,Temporal,0.05,38.44563182779771
18F,Temporal,0.1,-56.29879581203111
18F,Temporal,0.25,29.501122317398934
18F,Temporal,0.5,35.471668343887416
16F,Random,0.01,44.22699029671952
16F,Random,0.05,29.462769445087588
16F,Random,0.1,19.571994170979835
16F,Random,0.25,10.400449412824798
16F,Random,0.5,7.546009225872254
16F,Stratified,0.01,35.13733472088266
16F,Stratified,0.05,28.30771923095753
16F,Stratified,0.1,22.963439783017137
16F,Stratified,0.25,12.011894201852924
16F,Stratified,0.5,3.852015510835102
16F,Spatial,0.01,41.681769768203694
16F,Spatial,0.05,34.331114967290766
16F,Spatial,0.1,24.172643511008616
16F,Spatial,0.25,17.95109736459048
16F,Spatial,0.5,3.39865988072917
16F,Importance,0.01,48.902380072808285
16F,Importance,0.05,39.150424794286906
16F,Importance,0.1,30.857845703558695
16F,Importance,0.25,27.50586530057211
16F,Importance,0.5,20.540535087076407
16F,Adaptive,0.01,45.29768672876405
16F,Adaptive,0.05,31.323028735158807
16F,Adaptive,0.1,34.041924571732466
16F,Adaptive,0.25,43.88980142111376
16F,Adaptive,0.5,17.49021661537816
16F,Temporal,0.01,46.68699199795969
16F,Temporal,0.05,33.73349918180847
16F,Temporal,0.1,18.23631856000678
16F,Temporal,0.25,14.433795642044757
16F,Temporal,0.5,-0.2273413609926251
