feature_set,seed,full_data_f1,train_vessels,test_vessels,train_positive_count,test_positive_count,converged
18F,0,0.46153846153846156,3166,796,161,39,True
18F,1,0.46153846153846156,3166,796,161,39,True
18F,2,0.46153846153846156,3166,796,161,39,True
18F,3,0.46153846153846156,3166,796,161,39,True
18F,4,0.46153846153846156,3166,796,161,39,True
16F,0,0.48484848484848486,3166,796,161,43,True
16F,1,0.48484848484848486,3166,796,161,43,True
16F,2,0.48484848484848486,3166,796,161,43,True
16F,3,0.48484848484848486,3166,796,161,43,True
16F,4,0.48484848484848486,3166,796,161,43,True
