strategy,target_rate,sampled_f1_mean,sampled_f1_sd,retention_mean,retention_sd,retention_min,retention_max,valid_vessels_mean
Adaptive,0.01,0.3621550259065686,0.017641289639126787,78.46692227975655,3.8222794218107996,73.58490566037736,82.53968253968253,1830.8
Adaptive,0.05,0.4060114655063932,0.0213920391103654,87.96915085971852,4.634941807245843,81.98198198198197,94.92063492063492,2452.6
Adaptive,0.1,0.4112458852209634,0.016097553479953192,89.10327513120873,3.487803253989864,84.87972508591065,92.55663430420712,2612.8
Adaptive,0.25,0.4611558679238298,0.01255361485956246,99.91710471682981,2.719949886238529,96.80851063829786,103.36391437308868,2769.6
Adaptive,0.5,0.5132830099048958,0.00764370662851055,111.21131881272743,1.6561364361772926,109.2140921409214,112.88515406162466,3159.4
Adaptive,1.0,0.4615384615384615,0.0,100.0,0.0,100.0,100.0,3166.0
Importance,0.01,0.2978259117794001,0.07092631840838672,64.52894755220336,15.367368988483792,40.99099099099099,80.55555555555556,2182.6
Importance,0.05,0.4240095053687731,0.026886628423225402,91.86872616323414,5.825436158365496,86.66666666666666,100.35087719298244,2931.6
Importance,0.1,0.4642207491207341,0.024591226148299245,100.58116230949238,5.3280989987981595,92.28395061728396,106.55737704918032,3038.4
Importance,0.25,0.4988888888888889,0.022319805467844803,108.09259259259258,4.835957851366369,100.0,111.94444444444444,3122.8
Importance,0.5,0.4994374051469933,0.03179859308658963,108.21143778184856,6.889695168761081,101.60919540229884,116.01049868766404,3149.0
Importance,1.0,0.4615384615384615,0.0,100.0,0.0,100.0,100.0,3166.0
Random,0.01,0.4239303113504297,0.08046978049349042,91.85156745925977,17.435119106922926,71.23287671232876,107.3015873015873,2342.8
Random,0.05,0.4746917512955249,0.028586382694613856,102.84987944736372,6.193716250499669,94.0251572327044,110.37735849056604,2984.8
Random,0.1,0.5166474830881611,0.04456689210567886,111.94028800243488,9.656159956230422,100.0,124.38271604938272,3091.0
Random,0.25,0.5401211568422715,0.017121244137030662,117.02625064915881,3.7096028963566465,112.59842519685036,121.18644067796608,3140.2
Random,0.5,0.5152772568142036,0.021083478214822322,111.64340564307744,4.568086946544838,104.1343669250646,115.32258064516128,3154.6
Random,1.0,0.4615384615384615,0.0,100.0,0.0,100.0,100.0,3166.0
Spatial,0.01,0.3338340780411397,0.05199900564961393,72.3307169089136,11.266451224083015,57.77777777777778,88.53046594982078,1715.8
Spatial,0.05,0.4440798323563769,0.04858608397417591,96.21729701054832,10.526984861071442,85.9504132231405,111.42857142857142,2772.0
Spatial,0.1,0.4983984527275719,0.018966829270075956,107.98633142430724,4.109479675183128,102.2012578616352,112.5,2956.6
Spatial,0.25,0.46292004071437753,0.012741720041573278,100.29934215478178,2.7607060090075466,96.29629629629628,103.7037037037037,3097.0
Spatial,0.5,0.4701501824305206,0.01213678347059643,101.86587285994612,2.6296364186292256,97.94520547945204,105.1470588235294,3145.4
Spatial,1.0,0.4615384615384615,0.0,100.0,0.0,100.0,100.0,3166.0
Stratified,0.01,0.4360038159212033,0.05546092904426167,94.46749344959406,12.016534626256687,77.03703703703704,107.37463126843656,2337.6
Stratified,0.05,0.48976145645536906,0.03746398563287278,106.11498223199662,8.117196887122434,99.19678714859435,119.26605504587155,2982.6
Stratified,0.1,0.5069971477449406,0.0362075845505416,109.84938201140383,7.844976652617338,98.11320754716982,119.26605504587155,3085.8
Stratified,0.25,0.5357748134218723,0.02140161693676677,116.08454290807231,4.6370170029661235,110.0,122.2222222222222,3141.0
Stratified,0.5,0.4869658912773203,0.01421533792280391,105.5092764434194,3.079989883274168,102.14285714285712,109.18635170603672,3155.0
Stratified,1.0,0.4615384615384615,0.0,100.0,0.0,100.0,100.0,3166.0
Temporal,0.01,0.404040404040404,0.0,87.54208754208753,0.0,87.54208754208753,87.54208754208753,2975.0
Temporal,0.05,0.3835616438356164,0.0,83.10502283105022,0.0,83.10502283105022,83.10502283105022,3123.0
Temporal,0.1,0.10909090909090899,1.5515838457795457e-17,23.636363636363633,0.0,23.636363636363633,23.636363636363633,3150.0
Temporal,0.25,0.4415584415584415,0.0,95.67099567099568,0.0,95.67099567099568,95.67099567099568,3163.0
Temporal,0.5,0.5378151260504201,0.0,116.5266106442577,0.0,116.5266106442577,116.5266106442577,3165.0
Temporal,1.0,0.4615384615384615,0.0,100.0,0.0,100.0,100.0,3166.0
