feature_set,strategy,target_rate,seed,retained_training_pings,actual_ping_retention_percent,valid_training_vessels,training_positive_count,training_negative_count,test_vessels,test_positive_count,sampled_f1,full_f1,retention_percent,status,fail_reason,converged,iterations
18F,random,0.01,0,23047,1.0000195256990743,2354,59,2295,796,39,0.4778761061946903,0.46153846153846156,103.53982300884955,OK,,True,42
18F,random,0.01,1,23047,1.0000195256990743,2351,51,2300,796,39,0.49523809523809526,0.46153846153846156,107.3015873015873,OK,,True,51
18F,random,0.01,2,23047,1.0000195256990743,2333,68,2265,796,39,0.34408602150537637,0.46153846153846156,74.55197132616487,OK,,True,30
18F,random,0.01,3,23047,1.0000195256990743,2338,57,2281,796,39,0.3287671232876712,0.46153846153846156,71.23287671232876,OK,,True,37
18F,random,0.01,4,23047,1.0000195256990743,2338,49,2289,796,39,0.47368421052631576,0.46153846153846156,102.63157894736841,OK,,True,52
18F,random,0.05,0,115233,5.000010847610596,2986,126,2860,796,39,0.46296296296296297,0.46153846153846156,100.30864197530865,OK,,True,37
18F,random,0.05,1,115233,5.000010847610596,2975,121,2854,796,39,0.47619047619047616,0.46153846153846156,103.17460317460316,OK,,True,40
18F,random,0.05,2,115233,5.000010847610596,2985,120,2865,796,39,0.5094339622641509,0.46153846153846156,110.37735849056604,OK,,True,42
18F,random,0.05,3,115233,5.000010847610596,2981,121,2860,796,39,0.4339622641509434,0.46153846153846156,94.0251572327044,OK,,True,35
18F,random,0.05,4,115233,5.000010847610596,2997,128,2869,796,39,0.4909090909090909,0.46153846153846156,106.36363636363636,OK,,True,42
18F,random,0.1,0,230466,10.000021695221193,3094,147,2947,796,39,0.5470085470085471,0.46153846153846156,118.51851851851852,OK,,True,40
18F,random,0.1,1,230466,10.000021695221193,3093,142,2951,796,39,0.5740740740740741,0.46153846153846156,124.38271604938271,OK,,True,29
18F,random,0.1,2,230466,10.000021695221193,3087,143,2944,796,39,0.4915254237288136,0.46153846153846156,106.49717514124293,OK,,True,38
18F,random,0.1,3,230466,10.000021695221193,3083,141,2942,796,39,0.46153846153846156,0.46153846153846156,100.0,OK,,True,35
18F,random,0.1,4,230466,10.000021695221193,3098,141,2957,796,39,0.509090909090909,0.46153846153846156,110.3030303030303,OK,,True,37
18F,random,0.25,0,576164,25.000010847610596,3145,156,2989,796,39,0.559322033898305,0.46153846153846156,121.18644067796609,OK,,True,32
18F,random,0.25,1,576164,25.000010847610596,3136,153,2983,796,39,0.55,0.46153846153846156,119.16666666666667,OK,,True,42
18F,random,0.25,2,576164,25.000010847610596,3141,153,2988,796,39,0.5196850393700787,0.46153846153846156,112.59842519685037,OK,,True,42
18F,random,0.25,3,576164,25.000010847610596,3139,154,2985,796,39,0.5245901639344263,0.46153846153846156,113.66120218579235,OK,,True,46
18F,random,0.25,4,576164,25.000010847610596,3140,155,2985,796,39,0.5470085470085471,0.46153846153846156,118.51851851851852,OK,,True,34
18F,random,0.5,0,1152328,50.00002169522119,3154,159,2995,796,39,0.4806201550387597,0.46153846153846156,104.1343669250646,OK,,True,41
18F,random,0.5,1,1152328,50.00002169522119,3155,159,2996,796,39,0.532258064516129,0.46153846153846156,115.32258064516127,OK,,True,46
18F,random,0.5,2,1152328,50.00002169522119,3156,157,2999,796,39,0.515625,0.46153846153846156,111.71875,OK,,True,40
18F,random,0.5,3,1152328,50.00002169522119,3153,157,2995,796,39,0.532258064516129,0.46153846153846156,115.32258064516127,OK,,True,42
18F,random,0.5,4,1152328,50.00002169522119,3155,158,2997,796,39,0.515625,0.46153846153846156,111.71875,OK,,True,43
18F,random,1.0,0,2304655,100.0,3166,161,3005,796,39,0.46153846153846156,0.46153846153846156,100.0,OK,,True,41
18F,random,1.0,1,2304655,100.0,3166,161,3005,796,39,0.46153846153846156,0.46153846153846156,100.0,OK,,True,41
18F,random,1.0,2,2304655,100.0,3166,161,3005,796,39,0.46153846153846156,0.46153846153846156,100.0,OK,,True,41
18F,random,1.0,3,2304655,100.0,3166,161,3005,796,39,0.46153846153846156,0.46153846153846156,100.0,OK,,True,41
18F,random,1.0,4,2304655,100.0,3166,161,3005,796,39,0.46153846153846156,0.46153846153846156,100.0,OK,,True,41
18F,stratified,0.01,0,23046,0.999976135256687,2346,65,2281,796,39,0.44660194174757284,0.46153846153846156,96.76375404530745,OK,,True,49
18F,stratified,0.01,1,23046,0.999976135256687,2321,54,2267,796,39,0.47368421052631576,0.46153846153846156,102.63157894736841,OK,,True,45
18F,stratified,0.01,2,23046,0.999976135256687,2319,47,2272,796,39,0.40860215053763443,0.46153846153846156,88.53046594982078,OK,,True,57
18F,stratified,0.01,3,23046,0.999976135256687,2350,59,2291,796,39,0.49557522123893805,0.46153846153846156,107.37463126843657,OK,,True,51
18F,stratified,0.01,4,23046,0.999976135256687,2352,55,2297,796,39,0.35555555555555557,0.46153846153846156,77.03703703703704,OK,,True,50
18F,stratified,0.05,0,115233,5.000010847610596,2985,119,2866,796,39,0.46551724137931033,0.46153846153846156,100.86206896551722,OK,,True,34
18F,stratified,0.05,1,115233,5.000010847610596,2978,116,2862,796,39,0.5504587155963303,0.46153846153846156,119.26605504587155,OK,,True,48
18F,stratified,0.05,2,115233,5.000010847610596,2985,119,2866,796,39,0.5,0.46153846153846156,108.33333333333333,OK,,True,31
18F,stratified,0.05,3,115233,5.000010847610596,2984,124,2860,796,39,0.475,0.46153846153846156,102.91666666666666,OK,,True,40
18F,stratified,0.05,4,115233,5.000010847610596,2981,124,2857,796,39,0.4578313253012048,0.46153846153846156,99.19678714859437,OK,,True,39
18F,stratified,0.1,0,230465,9.999978304778807,3084,142,2942,796,39,0.5504587155963303,0.46153846153846156,119.26605504587155,OK,,True,40
18F,stratified,0.1,1,230465,9.999978304778807,3085,135,2950,796,39,0.5137614678899083,0.46153846153846156,111.31498470948013,OK,,True,35
18F,stratified,0.1,2,230465,9.999978304778807,3087,144,2943,796,39,0.5225225225225225,0.46153846153846156,113.2132132132132,OK,,True,43
18F,stratified,0.1,3,230465,9.999978304778807,3087,145,2942,796,39,0.4954128440366973,0.46153846153846156,107.33944954128441,OK,,True,40
18F,stratified,0.1,4,230465,9.999978304778807,3086,144,2942,796,39,0.4528301886792453,0.46153846153846156,98.11320754716982,OK,,True,29
18F,stratified,0.25,0,576164,25.000010847610596,3140,155,2985,796,39,0.5076923076923077,0.46153846153846156,109.99999999999999,OK,,True,42
18F,stratified,0.25,1,576164,25.000010847610596,3140,153,2985,796,39,0.5454545454545454,0.46153846153846156,118.18181818181816,OK,,True,33
18F,stratified,0.25,2,576164,25.000010847610596,3141,154,2987,796,39,0.5378151260504201,0.46153846153846156,116.5266106442577,OK,,True,36
18F,stratified,0.25,3,576164,25.000010847610596,3142,154,2988,796,39,0.5238095238095238,0.46153846153846156,113.4920634920635,OK,,True,39
18F,stratified,0.25,4,576164,25.000010847610596,3142,154,2988,796,39,0.5641025641025641,0.46153846153846156,122.22222222222221,OK,,True,44
18F,stratified,0.5,0,1152327,49.99997830477881,3155,159,2996,796,39,0.4782608695652174,0.46153846153846156,103.62318840579711,OK,,True,43
18F,stratified,0.5,1,1152327,49.99997830477881,3154,157,2996,796,39,0.5,0.46153846153846156,108.33333333333333,OK,,True,39
18F,stratified,0.5,2,1152327,49.99997830477881,3156,159,2997,796,39,0.5039370078740157,0.46153846153846156,109.18635170603673,OK,,True,39
18F,stratified,0.5,3,1152327,49.99997830477881,3151,158,2993,796,39,0.48120300751879697,0.46153846153846156,104.26065162907267,OK,,True,44
18F,stratified,0.5,4,1152327,49.99997830477881,3159,159,3000,796,39,0.4714285714285714,0.46153846153846156,102.14285714285712,OK,,True,39
18F,stratified,1.0,0,2304655,100.0,3166,161,3005,796,39,0.46153846153846156,0.46153846153846156,100.0,OK,,True,41
18F,stratified,1.0,1,2304655,100.0,3166,161,3005,796,39,0.46153846153846156,0.46153846153846156,100.0,OK,,True,41
18F,stratified,1.0,2,2304655,100.0,3166,161,3005,796,39,0.46153846153846156,0.46153846153846156,100.0,OK,,True,41
18F,stratified,1.0,3,2304655,100.0,3166,161,3005,796,39,0.46153846153846156,0.46153846153846156,100.0,OK,,True,41
18F,stratified,1.0,4,2304655,100.0,3166,161,3005,796,39,0.46153846153846156,0.46153846153846156,100.0,OK,,True,41
18F,spatial,0.01,0,23046,0.999976135256687,1713,36,1677,796,39,0.3106796116504854,0.46153846153846156,67.31391585760517,OK,,True,53
18F,spatial,0.01,1,23046,0.999976135256687,1718,45,1673,796,39,0.26666666666666666,0.46153846153846156,57.77777777777778,OK,,True,44
18F,spatial,0.01,2,23046,0.999976135256687,1702,33,1669,796,39,0.40860215053763443,0.46153846153846156,88.53046594982078,OK,,True,52
18F,spatial,0.01,3,23046,0.999976135256687,1703,41,1662,796,39,0.3469387755102041,0.46153846153846156,75.17006802721087,OK,,True,50
18F,spatial,0.01,4,23046,0.999976135256687,1743,39,1704,796,39,0.336283185840708,0.46153846153846156,72.86135693215338,OK,,True,43
18F,spatial,0.05,0,115232,4.99996745716821,2780,95,2685,796,39,0.4715447154471545,0.46153846153846156,102.1680216802168,OK,,True,47
18F,spatial,0.05,1,115232,4.99996745716821,2770,93,2677,796,39,0.43010752688172044,0.46153846153846156,93.18996415770609,OK,,True,44
18F,spatial,0.05,2,115232,4.99996745716821,2761,91,2670,796,39,0.39669421487603307,0.46153846153846156,85.9504132231405,OK,,True,48
18F,spatial,0.05,3,115232,4.99996745716821,2777,95,2682,796,39,0.4077669902912621,0.46153846153846156,88.3495145631068,OK,,True,55
18F,spatial,0.05,4,115232,4.99996745716821,2772,89,2683,796,39,0.5142857142857142,0.46153846153846156,111.42857142857142,OK,,True,49
18F,spatial,0.1,0,230465,9.999978304778807,2958,115,2843,796,39,0.48695652173913045,0.46153846153846156,105.5072463768116,OK,,True,40
18F,spatial,0.1,1,230465,9.999978304778807,2954,114,2840,796,39,0.4716981132075472,0.46153846153846156,102.20125786163521,OK,,True,38
18F,spatial,0.1,2,230465,9.999978304778807,2968,125,2843,796,39,0.5192307692307693,0.46153846153846156,112.5,OK,,True,44
18F,spatial,0.1,3,230465,9.999978304778807,2952,115,2837,796,39,0.5046728971962616,0.46153846153846156,109.34579439252336,OK,,True,51
18F,spatial,0.1,4,230465,9.999978304778807,2951,117,2834,796,39,0.5094339622641509,0.46153846153846156,110.37735849056604,OK,,True,45
18F,spatial,0.25,0,576163,24.99996745716821,3097,143,2954,796,39,0.45901639344262296,0.46153846153846156,99.4535519125683,OK,,True,37
18F,spatial,0.25,1,576163,24.99996745716821,3091,145,2946,796,39,0.4696969696969697,0.46153846153846156,101.76767676767676,OK,,True,42
18F,spatial,0.25,2,576163,24.99996745716821,3101,149,2952,796,39,0.4628099173553719,0.46153846153846156,100.27548209366391,OK,,True,47
18F,spatial,0.25,3,576163,24.99996745716821,3094,144,2950,796,39,0.47863247863247865,0.46153846153846156,103.7037037037037,OK,,True,42
18F,spatial,0.25,4,576163,24.99996745716821,3102,147,2955,796,39,0.4444444444444444,0.46153846153846156,96.29629629629629,OK,,True,43
18F,spatial,0.5,0,1152327,49.99997830477881,3139,154,2985,796,39,0.4748201438848921,0.46153846153846156,102.8776978417266,OK,,True,34
18F,spatial,0.5,1,1152327,49.99997830477881,3149,158,2990,796,39,0.4852941176470588,0.46153846153846156,105.1470588235294,OK,,True,41
18F,spatial,0.5,2,1152327,49.99997830477881,3147,156,2991,796,39,0.4520547945205479,0.46153846153846156,97.94520547945204,OK,,True,41
18F,spatial,0.5,3,1152327,49.99997830477881,3147,155,2992,796,39,0.46715328467153283,0.46153846153846156,101.21654501216544,OK,,True,35
18F,spatial,0.5,4,1152327,49.99997830477881,3145,157,2988,796,39,0.4714285714285714,0.46153846153846156,102.14285714285712,OK,,True,33
18F,spatial,1.0,0,2304655,100.0,3166,161,3005,796,39,0.46153846153846156,0.46153846153846156,100.0,OK,,True,41
18F,spatial,1.0,1,2304655,100.0,3166,161,3005,796,39,0.46153846153846156,0.46153846153846156,100.0,OK,,True,41
18F,spatial,1.0,2,2304655,100.0,3166,161,3005,796,39,0.46153846153846156,0.46153846153846156,100.0,OK,,True,41
18F,spatial,1.0,3,2304655,100.0,3166,161,3005,796,39,0.46153846153846156,0.46153846153846156,100.0,OK,,True,41
18F,spatial,1.0,4,2304655,100.0,3166,161,3005,796,39,0.46153846153846156,0.46153846153846156,100.0,OK,,True,41
18F,importance,0.01,0,23046,0.999976135256687,2164,51,2113,796,39,0.3333333333333333,0.46153846153846156,72.22222222222221,OK,,True,37
18F,importance,0.01,1,23046,0.999976135256687,2189,56,2133,796,39,0.32558139534883723,0.46153846153846156,70.54263565891473,OK,,True,47
18F,importance,0.01,2,23046,0.999976135256687,2176,51,2125,796,39,0.1891891891891892,0.46153846153846156,40.99099099099099,OK,,True,51
18F,importance,0.01,3,23046,0.999976135256687,2203,60,2143,796,39,0.3717948717948718,0.46153846153846156,80.55555555555556,OK,,True,47
18F,importance,0.01,4,23046,0.999976135256687,2181,58,2123,796,39,0.2692307692307692,0.46153846153846156,58.33333333333333,OK,,True,52
18F,importance,0.05,0,115232,4.99996745716821,2923,109,2814,796,39,0.40384615384615385,0.46153846153846156,87.5,OK,,True,31
18F,importance,0.05,1,115232,4.99996745716821,2936,110,2826,796,39,0.4631578947368421,0.46153846153846156,100.35087719298245,OK,,True,28
18F,importance,0.05,2,115232,4.99996745716821,2926,113,2813,796,39,0.44,0.46153846153846156,95.33333333333333,OK,,True,41
18F,importance,0.05,3,115232,4.99996745716821,2939,120,2819,796,39,0.41304347826086957,0.46153846153846156,89.49275362318839,OK,,True,45
18F,importance,0.05,4,115232,4.99996745716821,2934,117,2817,796,39,0.4,0.46153846153846156,86.66666666666666,OK,,True,40
18F,importance,0.1,0,230464,9.99993491433642,3036,131,2905,796,39,0.46846846846846846,0.46153846153846156,101.5015015015015,OK,,True,35
18F,importance,0.1,1,230464,9.99993491433642,3043,129,2914,796,39,0.42592592592592593,0.46153846153846156,92.28395061728395,OK,,True,36
18F,importance,0.1,2,230464,9.99993491433642,3046,130,2916,796,39,0.4918032786885246,0.46153846153846156,106.55737704918032,OK,,True,35
18F,importance,0.1,3,230464,9.99993491433642,3028,134,2894,796,39,0.45871559633027525,0.46153846153846156,99.38837920489296,OK,,True,43
18F,importance,0.1,4,230464,9.99993491433642,3039,134,2905,796,39,0.47619047619047616,0.46153846153846156,103.17460317460316,OK,,True,34
18F,importance,0.25,0,576163,24.99996745716821,3117,151,2966,796,39,0.46153846153846156,0.46153846153846156,100.0,OK,,True,35
18F,importance,0.25,1,576163,24.99996745716821,3129,151,2977,796,39,0.49572649572649574,0.46153846153846156,107.4074074074074,OK,,True,36
18F,importance,0.25,2,576163,24.99996745716821,3123,151,2972,796,39,0.5128205128205128,0.46153846153846156,111.1111111111111,OK,,True,40
18F,importance,0.25,3,576163,24.99996745716821,3124,151,2973,796,39,0.5076923076923077,0.46153846153846156,109.99999999999999,OK,,True,33
18F,importance,0.25,4,576163,24.99996745716821,3121,150,2971,796,39,0.5166666666666667,0.46153846153846156,111.94444444444444,OK,,True,32
18F,importance,0.5,0,996391,43.23384628067976,3149,158,2991,796,39,0.4689655172413793,0.46153846153846156,101.60919540229884,OK,,True,38
18F,importance,0.5,1,996391,43.23384628067976,3151,158,2991,796,39,0.4782608695652174,0.46153846153846156,103.62318840579711,OK,,True,43
18F,importance,0.5,2,996391,43.23384628067976,3145,155,2990,796,39,0.5354330708661418,0.46153846153846156,116.01049868766404,OK,,True,42
18F,importance,0.5,3,996391,43.23384628067976,3149,158,2991,796,39,0.532258064516129,0.46153846153846156,115.32258064516127,OK,,True,40
18F,importance,0.5,4,996391,43.23384628067976,3151,158,2993,796,39,0.48226950354609927,0.46153846153846156,104.4917257683215,OK,,True,41
18F,importance,1.0,0,2304655,100.0,3166,161,3005,796,39,0.46153846153846156,0.46153846153846156,100.0,OK,,True,41
18F,importance,1.0,1,2304655,100.0,3166,161,3005,796,39,0.46153846153846156,0.46153846153846156,100.0,OK,,True,41
18F,importance,1.0,2,2304655,100.0,3166,161,3005,796,39,0.46153846153846156,0.46153846153846156,100.0,OK,,True,41
18F,importance,1.0,3,2304655,100.0,3166,161,3005,796,39,0.46153846153846156,0.46153846153846156,100.0,OK,,True,41
18F,importance,1.0,4,2304655,100.0,3166,161,3005,796,39,0.46153846153846156,0.46153846153846156,100.0,OK,,True,41
18F,adaptive,0.01,0,23046,0.999976135256687,1843,59,1784,796,39,0.3770491803278688,0.46153846153846156,81.69398907103825,OK,,True,55
18F,adaptive,0.01,1,23046,0.999976135256687,1834,65,1769,796,39,0.34951456310679613,0.46153846153846156,75.72815533980582,OK,,True,53
18F,adaptive,0.01,2,23046,0.999976135256687,1823,56,1767,796,39,0.38095238095238093,0.46153846153846156,82.53968253968253,OK,,True,50
18F,adaptive,0.01,3,23046,0.999976135256687,1832,57,1775,796,39,0.36363636363636365,0.46153846153846156,78.7878787878788,OK,,True,41
18F,adaptive,0.01,4,23046,0.999976135256687,1822,60,1762,796,39,0.33962264150943394,0.46153846153846156,73.58490566037736,OK,,True,36
18F,adaptive,0.05,0,115232,4.99996745716821,2461,121,2340,796,39,0.4380952380952381,0.46153846153846156,94.92063492063491,OK,,True,44
18F,adaptive,0.05,1,115232,4.99996745716821,2452,116,2336,796,39,0.40707964601769914,0.46153846153846156,88.20058997050148,OK,,True,45
18F,adaptive,0.05,2,115232,4.99996745716821,2444,116,2328,796,39,0.3783783783783784,0.46153846153846156,81.98198198198197,OK,,True,36
18F,adaptive,0.05,3,115232,4.99996745716821,2452,114,2338,796,39,0.4,0.46153846153846156,86.66666666666666,OK,,True,37
18F,adaptive,0.05,4,115232,4.99996745716821,2454,119,2335,796,39,0.4065040650406504,0.46153846153846156,88.07588075880759,OK,,True,37
18F,adaptive,0.1,0,230465,9.999978304778807,2611,131,2480,796,39,0.42201834862385323,0.46153846153846156,91.43730886850153,OK,,True,50
18F,adaptive,0.1,1,230465,9.999978304778807,2609,129,2480,796,39,0.41904761904761906,0.46153846153846156,90.79365079365078,OK,,True,38
18F,adaptive,0.1,2,230465,9.999978304778807,2617,132,2485,796,39,0.3917525773195876,0.46153846153846156,84.87972508591065,OK,,True,36
18F,adaptive,0.1,3,230465,9.999978304778807,2615,130,2485,796,39,0.39622641509433965,0.46153846153846156,85.84905660377358,OK,,True,46
18F,adaptive,0.1,4,230465,9.999978304778807,2612,129,2483,796,39,0.42718446601941745,0.46153846153846156,92.55663430420711,OK,,True,35
18F,adaptive,0.25,0,576163,24.99996745716821,2763,148,2615,796,39,0.45098039215686275,0.46153846153846156,97.7124183006536,OK,,True,34
18F,adaptive,0.25,1,576163,24.99996745716821,2771,144,2627,796,39,0.47706422018348627,0.46153846153846156,103.36391437308869,OK,,True,41
18F,adaptive,0.25,2,576163,24.99996745716821,2776,148,2628,796,39,0.44680851063829785,0.46153846153846156,96.80851063829786,OK,,True,39
18F,adaptive,0.25,3,576163,24.99996745716821,2772,146,2626,796,39,0.46153846153846156,0.46153846153846156,100.0,OK,,True,32
18F,adaptive,0.25,4,576163,24.99996745716821,2766,148,2618,796,39,0.46938775510204084,0.46153846153846156,101.70068027210884,OK,,True,42
18F,adaptive,0.5,0,1152327,49.99997830477881,3160,160,3000,796,39,0.5079365079365079,0.46153846153846156,110.05291005291004,OK,,True,36
18F,adaptive,0.5,1,1152327,49.99997830477881,3158,160,2998,796,39,0.5210084033613446,0.46153846153846156,112.88515406162466,OK,,True,43
18F,adaptive,0.5,2,1152327,49.99997830477881,3161,161,3000,796,39,0.512396694214876,0.46153846153846156,111.01928374655645,OK,,True,45
18F,adaptive,0.5,3,1152327,49.99997830477881,3158,159,2999,796,39,0.5210084033613446,0.46153846153846156,112.88515406162466,OK,,True,43
18F,adaptive,0.5,4,1152327,49.99997830477881,3160,160,3000,796,39,0.5040650406504065,0.46153846153846156,109.21409214092141,OK,,True,44
18F,adaptive,1.0,0,2304655,100.0,3166,161,3005,796,39,0.46153846153846156,0.46153846153846156,100.0,OK,,True,41
18F,adaptive,1.0,1,2304655,100.0,3166,161,3005,796,39,0.46153846153846156,0.46153846153846156,100.0,OK,,True,41
18F,adaptive,1.0,2,2304655,100.0,3166,161,3005,796,39,0.46153846153846156,0.46153846153846156,100.0,OK,,True,41
18F,adaptive,1.0,3,2304655,100.0,3166,161,3005,796,39,0.46153846153846156,0.46153846153846156,100.0,OK,,True,41
18F,adaptive,1.0,4,2304655,100.0,3166,161,3005,796,39,0.46153846153846156,0.46153846153846156,100.0,OK,,True,41
18F,temporal,0.01,0,26210,1.137263494969963,2975,125,2844,796,39,0.40404040404040403,0.46153846153846156,87.54208754208753,OK,,True,35
18F,temporal,0.01,1,26210,1.137263494969963,2975,125,2844,796,39,0.40404040404040403,0.46153846153846156,87.54208754208753,OK,,True,35
18F,temporal,0.01,2,26210,1.137263494969963,2975,125,2844,796,39,0.40404040404040403,0.46153846153846156,87.54208754208753,OK,,True,35
18F,temporal,0.01,3,26210,1.137263494969963,2975,125,2844,796,39,0.40404040404040403,0.46153846153846156,87.54208754208753,OK,,True,35
18F,temporal,0.01,4,26210,1.137263494969963,2975,125,2844,796,39,0.40404040404040403,0.46153846153846156,87.54208754208753,OK,,True,35
18F,temporal,0.05,0,102303,4.438972427543385,3123,151,2969,796,39,0.3835616438356164,0.46153846153846156,83.10502283105022,OK,,True,41
18F,temporal,0.05,1,102303,4.438972427543385,3123,151,2969,796,39,0.3835616438356164,0.46153846153846156,83.10502283105022,OK,,True,41
18F,temporal,0.05,2,102303,4.438972427543385,3123,151,2969,796,39,0.3835616438356164,0.46153846153846156,83.10502283105022,OK,,True,41
18F,temporal,0.05,3,102303,4.438972427543385,3123,151,2969,796,39,0.3835616438356164,0.46153846153846156,83.10502283105022,OK,,True,41
18F,temporal,0.05,4,102303,4.438972427543385,3123,151,2969,796,39,0.3835616438356164,0.46153846153846156,83.10502283105022,OK,,True,41
18F,temporal,0.1,0,226603,9.832404416279227,3150,156,2991,796,39,0.10909090909090909,0.46153846153846156,23.636363636363633,OK,,True,41
18F,temporal,0.1,1,226603,9.832404416279227,3150,156,2991,796,39,0.10909090909090909,0.46153846153846156,23.636363636363633,OK,,True,41
18F,temporal,0.1,2,226603,9.832404416279227,3150,156,2991,796,39,0.10909090909090909,0.46153846153846156,23.636363636363633,OK,,True,41
18F,temporal,0.1,3,226603,9.832404416279227,3150,156,2991,796,39,0.10909090909090909,0.46153846153846156,23.636363636363633,OK,,True,41
18F,temporal,0.1,4,226603,9.832404416279227,3150,156,2991,796,39,0.10909090909090909,0.46153846153846156,23.636363636363633,OK,,True,41
18F,temporal,0.25,0,610477,26.48886709724449,3163,160,3001,796,39,0.44155844155844154,0.46153846153846156,95.67099567099567,OK,,True,43
18F,temporal,0.25,1,610477,26.48886709724449,3163,160,3001,796,39,0.44155844155844154,0.46153846153846156,95.67099567099567,OK,,True,43
18F,temporal,0.25,2,610477,26.48886709724449,3163,160,3001,796,39,0.44155844155844154,0.46153846153846156,95.67099567099567,OK,,True,43
18F,temporal,0.25,3,610477,26.48886709724449,3163,160,3001,796,39,0.44155844155844154,0.46153846153846156,95.67099567099567,OK,,True,43
18F,temporal,0.25,4,610477,26.48886709724449,3163,160,3001,796,39,0.44155844155844154,0.46153846153846156,95.67099567099567,OK,,True,43
18F,temporal,0.5,0,1275967,55.36477260153906,3165,160,3004,796,39,0.5378151260504201,0.46153846153846156,116.5266106442577,OK,,True,49
18F,temporal,0.5,1,1275967,55.36477260153906,3165,160,3004,796,39,0.5378151260504201,0.46153846153846156,116.5266106442577,OK,,True,49
18F,temporal,0.5,2,1275967,55.36477260153906,3165,160,3004,796,39,0.5378151260504201,0.46153846153846156,116.5266106442577,OK,,True,49
18F,temporal,0.5,3,1275967,55.36477260153906,3165,160,3004,796,39,0.5378151260504201,0.46153846153846156,116.5266106442577,OK,,True,49
18F,temporal,0.5,4,1275967,55.36477260153906,3165,160,3004,796,39,0.5378151260504201,0.46153846153846156,116.5266106442577,OK,,True,49
18F,temporal,1.0,0,2304655,100.0,3166,161,3005,796,39,0.46153846153846156,0.46153846153846156,100.0,OK,,True,41
18F,temporal,1.0,1,2304655,100.0,3166,161,3005,796,39,0.46153846153846156,0.46153846153846156,100.0,OK,,True,41
18F,temporal,1.0,2,2304655,100.0,3166,161,3005,796,39,0.46153846153846156,0.46153846153846156,100.0,OK,,True,41
18F,temporal,1.0,3,2304655,100.0,3166,161,3005,796,39,0.46153846153846156,0.46153846153846156,100.0,OK,,True,41
18F,temporal,1.0,4,2304655,100.0,3166,161,3005,796,39,0.46153846153846156,0.46153846153846156,100.0,OK,,True,41
